idDBLP,idScholar,DBLP_Match,Scholar_Match,Match_ID
journals/sigmod/EisenbergM02,wgK6p4mDSIMJ,2,63690,2_63690
conf/vldb/AmmannJR95,x-H7BqZ0Hw8J,3,21171,3_21171
conf/vldb/SubietaKL95,gEFY87Ma0XUJ,7,38991,7_38991
journals/sigmod/BargaL02,QTzV3iNq2O8J,8,40746,8_40746
conf/vldb/MoserKK95,53hNU_r6-jgJ,10,35557,10_35557
conf/vldb/ChaudhuriGS95,77Sb5mlyASgJ,12,46614,12_46614
journals/sigmod/Kosch02,_avm808LQocJ,13,27627,13_27627
conf/vldb/LuTD95,qX-uYKXVk7EJ,14,49866,14_49866
conf/vldb/TreschPL95,1rPUqMFsS3AJ,16,3179,16_3179
conf/vldb/MehtaD95,xkvXoYlg2-cJ,18,35913,18_35913
conf/vldb/HaasNSS95,x70Y3qaTL40J,21,14199,21_14199
journals/sigmod/Aberer02,url:http://portal.acm.org/ft_gateway.cfm%3Fid%3D604274%26type%3Dpdf%26dl%3DGUIDE%26dl%3DACM%26CFID%3D11111111%26CFTOKEN%3D2222222,22,6685,22_6685
conf/vldb/FlodinR95,WmtiDGY_BdoJ,23,36538,23_36538
conf/vldb/HvasshovdTBH95,LVitsyrkl9AJ,25,32465,25_32465
conf/vldb/LuSL95,h7_7SZrI7M0J,27,49913,27_49913
journals/sigmod/ErdurD02,9OcrAEypDhMJ,28,60000,28_60000
conf/vldb/GallersdorferN95,U8jfPCxfXicJ,29,17753,29_17753
journals/sigmod/CiliaB02,Y1HVgTopekIJ,30,23455,30_23455
journals/sigmod/HummerLW02,url:http://portal.acm.org/ft_gateway.cfm%3Fid%3D507345%26type%3Dpdf%26dl%3DGUIDE%26dl%3DACM%26CFID%3D11111111%26CFTOKEN%3D2222222,31,62916,31_62916
journals/sigmod/HummerLW02,W1IcM8IUwAEJ,31,27486,31_27486
conf/vldb/LometT95,7KawVN8Kj10J,32,28921,32_28921
conf/vldb/Wang95,7FUOWtSbiogJ,33,61219,33_61219
conf/vldb/SumiyaYTSI95,ZoMjwB0ps2kJ,35,55210,35_55210
journals/sigmod/HalkidiBV02,GHjgDrEbqM4J,38,11886,38_11886
journals/sigmod/PourabbasR02,QyNfyYDySawJ,39,60341,39_60341
conf/vldb/HoelS95,hwBMsP8-fXcJ,40,2552,40_2552
journals/sigmod/SlivinskasJS02,xTPSs2k_pUIJ,41,43603,41_43603
conf/vldb/BrownS95,F-v-VG2RBQoJ,42,2163,42_2163
conf/vldb/LeslieJBY95,zmwPMSd8rGgJ,44,63634,44_63634
conf/vldb/OrensteinK95,Trw6DEZeqTsJ,46,19246,46_19246
journals/sigmod/Wiegand02,RAcoVQuEzD8J,49,61163,49_61163
journals/sigmod/OrlandicLS02,eLf0eStn5G4J,51,36934,51_36934
conf/vldb/WienerN95,Y1lEnVPl6d8J,52,6362,52_6362
journals/sigmod/Fagin02,C3swZi1md5YJ,55,51445,55_51445
conf/vldb/GoyalHSS95,2sGH4SLcdL4J,57,13763,57_13763
journals/sigmod/LaenderRST02,paQAZ2KXFgAJ,58,20103,58_20103
conf/vldb/BestavrosB95,lGyhpsPV6ogJ,59,39873,59_39873
conf/vldb/MogiK95,39DBh8H18iEJ,63,22768,63_22768
journals/sigmod/Aberer02a,url:http://portal.acm.org/ft_gateway.cfm%3Fid%3D604274%26type%3Dpdf%26dl%3DGUIDE%26dl%3DACM%26CFID%3D11111111%26CFTOKEN%3D2222222,64,6685,64_6685
conf/vldb/JonscherD94,1R21hO7j9sQJ,66,36505,66_36505
journals/sigmod/YaoG02,ARLe7W8EvDoJ,67,14320,67_14320
conf/vldb/WienerN94,PrUWsoySLGcJ,72,37719,72_37719
journals/sigmod/Neven02,xAXF0HSF4h8J,74,12937,74_12937
journals/sigmod/WinslettCDHZZ02,url:http://portal.acm.org/ft_gateway.cfm%3Fid%3D601881%26type%3Dpdf%26dl%3DGUIDE%26dl%3DACM%26CFID%3D11111111%26CFTOKEN%3D2222222,75,51637,75_51637
conf/vldb/BrownCC94,oayI0FKl-nQJ,76,25690,76_25690
conf/vldb/FuC94,ReboDjzo5y0J,78,59832,78_59832
conf/vldb/OuzzaniAB94,CgoUJ7DogcwJ,80,56168,80_56168
conf/vldb/FrohnLU94,xpreqF8k7N4J,81,25609,81_25609
conf/vldb/GutierrezPST94,VUU_DceCRXAJ,86,21825,86_21825
conf/vldb/KemperK94,qUfWV4VVxegJ,87,48632,87_48632
conf/vldb/BarjaPFWD94,qhl9_KGvjcUJ,91,62170,91_62170
journals/sigmod/LightstoneLZ02,7TYVQTwq9FIJ,92,15950,92_15950
conf/vldb/BaralisW94,q-td2YANr18J,94,7258,94_7258
conf/vldb/AgrawalS94,P0age7qyZacJ,96,7823,96_7823
conf/vldb/HaberIL95,UM1ZozyrJnIJ,98,13709,98_13709
journals/sigmod/GobleR02a,B-u4advaVBkJ,99,58347,99_58347
conf/vldb/AgrawalPWZ95,x_ykbVlfyP8J,100,41257,100_41257
conf/vldb/EvangelidisLS95,EbGZKQPyH_4J,102,21911,102_21911
journals/sigmod/FininJ02,rg8576nvnkUJ,106,53955,106_53955
journals/sigmod/SureSS02,v0tY6g0DHMcJ,107,24798,107_24798
conf/vldb/Brin95,dXegp-RmzXEJ,108,29303,108_29303
conf/vldb/SistlaYLL95,HtTNmhCJY-oJ,112,13852,112_13852
journals/sigmod/HalkidiBV02a,SFs0XOMPphIJ,113,16946,113_16946
conf/vldb/Vaskevitch95,s6Ax0WdZp6IJ,117,60634,117_60634
journals/sigmod/Aberer02b,url:http://portal.acm.org/ft_gateway.cfm%3Fid%3D604274%26type%3Dpdf%26dl%3DGUIDE%26dl%3DACM%26CFID%3D11111111%26CFTOKEN%3D2222222,118,6685,118_6685
journals/sigmod/HuangKL02,yyUMt1X2WXcJ,119,23180,119_23180
conf/vldb/SimonD95,lLARMvKaIQMJ,120,45050,120_45050
conf/vldb/CatozziR95,8ftKLh07LM0J,121,17415,121_17415
journals/sigmod/Grohe02,jzwiskpRLOUJ,123,13572,123_13572
conf/vldb/Fecteau95,LhjvKpDcJKUJ,124,7407,124_7407
conf/vldb/Hallmark95,xTKZ6OuegIEJ,126,29458,126_29458
conf/vldb/Spintzik95,QcD01ZjsNcIJ,127,22159,127_22159
conf/vldb/AmielBDS94,hBak02oe1GMJ,129,36719,129_36719
journals/sigmod/HanBP01, ,130,56579,130_56579
journals/sigmod/Suciu01,_vOvQUzSV-gJ,131,11737,131_11737
journals/sigmod/Fankhauser01,_sltXCfRKhYJ,133,59684,133_59684
journals/sigmod/SchmidtWKFCMB01,url:http://portal.acm.org/ft_gateway.cfm%3Fid%3D603872%26type%3Dpdf%26dl%3DGUIDE%26dl%3DACM%26CFID%3D11111111%26CFTOKEN%3D2222222,135,60817,135_60817
journals/sigmod/SchmidtWKFCMB01,fc8y9x82jqAJ,135,57345,135_57345
conf/vldb/LevyMS94,l-QHiSxClXcJ,136,16062,136_16062
journals/sigmod/Lomet01,fI5o4MfWwzIJ,137,24660,137_24660
conf/vldb/MohaniaS94,JORYEDHKYSMJ,140,58481,140_58481
conf/vldb/LiC94,O0rvK0GFmBEJ,141,14805,141_14805
journals/sigmod/ChienTZ01,cjBpI3TcSWsJ,142,369,142_369
conf/vldb/IdrisGC94,Xf7TnMxlGTkJ,143,24167,143_24167
conf/vldb/FerrandinaMZ94,yQ2TMZ92GaIJ,146,36342,146_36342
conf/vldb/SetzerZ94,1tmW1mOCZqIJ,150,44664,150_44664
conf/vldb/GehaniJR94,MxYiwR2f9UYJ,151,40341,151_40341
conf/vldb/KilgerM94,OzgnxugGCWMJ,154,29910,154_29910
conf/vldb/SreenathS94,sUcJBJwvKTUJ,156,61427,156_61427
conf/vldb/HoelS94,Id1cvsQURBAJ,157,16245,157_16245
journals/sigmod/EisenbergM01,GKUflKzgAVEJ,158,62559,158_62559
conf/vldb/BrinkhoffK94,egvBPvtoaMMJ,160,28780,160_28780
journals/sigmod/ShahMFH01,7b-nJDMGtwUJ,161,22789,161_22789
conf/vldb/MuntzR94,o9DfGI9zsloJ,162,9744,162_9744
journals/sigmod/MeltonE01,619anaISuGEJ,163,12548,163_12548
conf/vldb/SteenhagenABB94,Xr2RguUzt-gJ,164,55082,164_55082
conf/vldb/ChakravarthyKAK94,L9eva_gsxrIJ,166,45469,166_45469
conf/vldb/OzdenBRS94,ARyxUwGOA10J,168,37102,168_37102
conf/vldb/Chiueh94,nOF-SuSEaaEJ,170,15513,170_15513
conf/vldb/DeWittKLPY94,cehAAlTq4s8J,171,48997,171_48997
journals/sigmod/ShethMKA01,url:http://portal.acm.org/ft_gateway.cfm%3Fid%3D604286%26type%3Dpdf%26dl%3DGUIDE%26dl%3DACM%26CFID%3D11111111%26CFTOKEN%3D2222222,172,32201,172_32201
journals/sigmod/Cetintemel01,CAKcsKXFoCoJ,173,45432,173_45432
conf/vldb/SripadaW94,VqNz3sp638UJ,174,32224,174_32224
conf/vldb/ShatdalKN94,27-P8X0mjfcJ,175,22119,175_22119
conf/vldb/LevySSZ94,MtScC-fTWCEJ,177,31762,177_31762
journals/sigmod/BabuW01,KJ26gUP0PyIJ,178,29774,178_29774
journals/sigmod/Huyn01,KNYDz76C_HsJ,179,40404,179_40404
conf/vldb/GoodmanRS94,8CCHAKnGJ1EJ,180,1682,180_1682
conf/vldb/CochinwalaB94,Bp69wMYw9DAJ,181,63304,181_63304
journals/sigmod/ShanmugasundaramSKKVNT01,wTJy5XquCpsJ,182,37912,182_37912
conf/vldb/BernsteinD94,rNNtyNCgHLoJ,183,60497,183_60497
conf/vldb/IyerW94,5smJVUm1KAYJ,185,50975,185_50975
conf/vldb/RosenthalS94,NFUWsBXtCncJ,190,17439,190_17439
journals/sigmod/LabrinidisM01,url:http://portal.acm.org/ft_gateway.cfm%3Fid%3D603886%26type%3Dpdf%26dl%3DGUIDE%26dl%3DACM%26CFID%3D11111111%26CFTOKEN%3D2222222,191,40928,191_40928
conf/vldb/Lesk94,nL5wl20jB-kJ,192,13723,192_13723
journals/sigmod/StolfoLCFE01,lvIPWxkN4YAJ,195,18711,195_18711
journals/sigmod/BarbaraCJW01,asukNMVeZZYJ,198,43998,198_43998
journals/sigmod/CabreraLM01,b201QeqnlNkJ,199,48993,199_48993
conf/sigmod/WangJLY03,EQsWWZdE45wJ,200,46951,200_46951
conf/vldb/MartinC94,Ur6-XAMj3tIJ,201,5321,201_5321
conf/vldb/YanA94,8j5i7YJQnNAJ,203,9764,203_9764
journals/sigmod/Cardelli01,UYAoi4DYOXUJ,204,8157,204_8157
journals/sigmod/LeeF01,oUisL_YUScYJ,209,35952,209_35952
conf/sigmod/FaginKS03,tQZWeE_nsa0J,210,33685,210_33685
journals/sigmod/SayginVC01,url:http://portal.acm.org/ft_gateway.cfm%3Fid%3D604271%26type%3Dpdf%26dl%3DGUIDE%26dl%3DACM%26CFID%3D11111111%26CFTOKEN%3D2222222,211,47333,211_47333
conf/sigmod/ChaudhuriGS03,OFGtGwUHhUQJ,213,11069,213_11069
conf/sigmod/BabcockBDM03,a2wqpKma5J4J,220,1120,220_1120
conf/sigmod/BenediktCFFR03,T5ZdpquqfJ0J,222,27356,222_27356
journals/sigmod/TianDCZ02,JceK-ywXk8UJ,226,36892,226_36892
conf/vldb/ChaudhuriS94, ,228,51549,228_51549
conf/vldb/MatthesS94,KRLEL-N4Ce8J,229,18637,229_18637
journals/sigmod/SommerGB02,8l5_eKZcCh8J,230,810,230_810
journals/sigmod/Cingil02,2K6rhX16hXwJ,231,14374,231_14374
conf/vldb/DavisonG94,fN8wW3Y4FJkJ,232,9033,232_9033
conf/vldb/GaasterlandL94,oIFrkS2rPrcJ,235,54260,235_54260
conf/vldb/LitwinNS94,SnkWnX5WoKwJ,237,44324,237_44324
journals/sigmod/Bussler02,Phcd3C1cfLcJ,238,52792,238_52792
journals/sigmod/BallMRZ02,Mfc9xsb7BuQJ,239,63576,239_63576
conf/vldb/ChawatheCY94,VPwP1w9wvhEJ,240,45051,240_45051
conf/vldb/SistlaYH94,FT4Sfn-Z7GUJ,242,4516,242_4516
conf/vldb/LuOT94,ZFXYXT4yEcAJ,244,38211,244_38211
conf/vldb/HjelsvoldM94,eyNcyx9rcFwJ,245,23484,245_23484
journals/sigmod/Stonebraker02,0HMk-YUh4i8J,246,26,246_26
conf/vldb/PirotteZMY94,8s-SP8sAvQAJ,247,5138,247_5138
journals/sigmod/Suciu02,Ikk1rb4o66UJ,248,13104,248_13104
conf/vldb/NgY94,1O-Uy922LQUJ,250,51927,250_51927
conf/vldb/XieH94,7P8_zVPEW64J,253,28454,253_28454
journals/sigmod/Snodgrass02,_qopgNiYmXQJ,256,22558,256_22558
journals/sigmod/VassiliadisS99,eGARASwVBrUJ,257,25081,257_25081
journals/sigmod/JacobS99,3-iiSyJLwLkJ,259,50528,259_50528
conf/sigmod/WitkowskiBBDFGSS03,ygCe1xRFuKgJ,260,57246,260_57246
journals/sigmod/GatziuJSV99,HtqrJuo7GSsJ,264,29992,264_29992
conf/sigmod/WangPFY03,jpNXw9L7pxgJ,265,31771,265_31771
journals/sigmod/EisenbergM00,4mD1eFCHKKwJ,268,24355,268_24355
journals/sigmod/DongS00,gH_HDDJghbAJ,271,2206,271_2206
conf/sigmod/SchleimerWA03,nCRFjDfhOmcJ,272,10767,272_10767
journals/sigmod/CeriKKLOSV00,nLbW09uNfmsJ,275,22741,275_22741
conf/sigmod/GuptaLM03,iCg06Oc9DV8J,276,5480,276_5480
conf/sigmod/Ullman03,TabFkjNTLMsJ,281,38039,281_38039
journals/sigmod/BonifatiC00,XCdMiXLp41IJ,282,22936,282_22936
journals/sigmod/LiefkeS00,N0eowMtIAukJ,283,6852,283_6852
journals/sigmod/Vassilakis00,nZO8ZA4eYzYJ,285,12967,285_12967
conf/sigmod/Mamoulis03,8-eaDTdtfY4J,286,56525,286_56525
journals/sigmod/PourabbasR00,3y6y5AXu-j0J,287,62295,287_62295
conf/sigmod/ChengKP03,kSt-Pqp2ilYJ,289,53505,289_53505
conf/sigmod/OlstonJW03,D1h_jOHVyA4J,291,30276,291_30276
journals/sigmod/LabrinidisR00,Wcbvsi-QDtcJ,292,36427,292_36427
journals/sigmod/Palpanas00,MGG31wuhuUIJ,293,35073,293_35073
conf/sigmod/AbiteboulBCMM03,Rjb06zlxbLIJ,294,42505,294_42505
conf/sigmod/BabcockCD03,mbhZ3gSR3NMJ,296,56874,296_56874
conf/sigmod/ShenNSHS03,LjrsWIr3rhAJ,297,33631,297_33631
journals/sigmod/WestmannKHM00,9jyzas_rFd4J,298,51865,298_51865
conf/sigmod/BornhovdAKMPR03,7lPu8hBgKksJ,299,52273,299_52273
conf/sigmod/DeHaanTCO03,gyYBYgpB63sJ,301,41432,301_41432
conf/sigmod/CranorJSS03,nHesT9ADTdEJ,304,23613,304_23613
journals/sigmod/ArpinarD00,YQQMvRraFBwJ,307,2496,307_2496
conf/sigmod/SunAA03,wR6CGftUyH0J,308,2795,308_2795
conf/sigmod/ReissK03,L1m30vG-d5sJ,309,17059,309_17059
conf/sigmod/LiBKN03,micx2kyGfKIJ,315,37433,315_37433
conf/sigmod/PapadiasTFS03,MkRJhOROQjsJ,317,5601,317_5601
journals/sigmod/LeeC00,Knzz_bkGA00J,323,43006,323_43006
journals/sigmod/PoessF00,JSrjKrTM_3sJ,332,24020,332_24020
journals/sigmod/Bussche00,CER66z1lh0MJ,334,38464,334_38464
conf/sigmod/PadmanabhanBMCH03,wI75uFSs0bwJ,335,17260,335_17260
journals/sigmod/Halevy00,czgyMu7SHcgJ,337,53325,337_53325
conf/sigmod/KriegelBKPS03,i0c65loyE60J,338,32468,338_32468
conf/sigmod/KriegelBKPS03,tsqBH6P4jMcJ,338,23606,338_23606
journals/sigmod/RashidS00,e0GH54HirssJ,339,44136,339_44136
conf/sigmod/ChaudhuriKN03,ES6QyfgebIcJ,341,37781,341_37781
journals/sigmod/Jhingran00,lrGge6mTVckJ,342,16669,342_16669
conf/sigmod/KimC03,BWV2Oys1VXsJ,344,33084,344_33084
journals/sigmod/PossasMCR00,7szp78IyFdQJ,350,17953,350_17953
conf/sigmod/GangulyGR03,Di-EjDZ_abYJ,353,17022,353_17022
journals/sigmod/YuenCLL00,Ip82P4QfKyEJ,355,31360,355_31360
conf/sigmod/ChaudhuriGGM03,H5IdN0_MQw4J,356,37106,356_37106
conf/sigmod/KementsietsidisAM03,uCU2G94_fOIJ,357,45282,357_45282
journals/sigmod/BernsteinHP00,FFzJxlpy6TsJ,358,3673,358_3673
conf/sigmod/StoltePAG03,9WTNlminW6AJ,359,5547,359_5547
conf/sigmod/GuptaS03,6ditJPVnXAQJ,361,35223,361_35223
journals/sigmod/MillerHHYHFP01,url:http://portal.acm.org/ft_gateway.cfm%3Fid%3D373713%26type%3Dpdf%26dl%3DGUIDE%26dl%3DACM%26CFID%3D11111111%26CFTOKEN%3D2222222,367,60840,367_60840
conf/sigmod/MaddenFHH03,qz24tfFNHuoJ,368,21321,368_21321
journals/sigmod/BertinoEH01,Rba70P6SqQYJ,370,33915,370_33915
conf/sigmod/Dyreson03,l7KC1qG6OGEJ,373,1430,373_1430
conf/sigmod/ZhuS03,hIGjgc6mx0cJ,376,11354,376_11354
conf/sigmod/MelnikRB03,HhdW2CaIIZwJ,378,32550,378_32550
conf/sigmod/MelnikRB03,wfjeWtEY2NcJ,378,22343,378_22343
conf/sigmod/KangN03,ABztkd0E9lUJ,379,33713,379_33713
conf/sigmod/HeC03,MNmlxFx4l-8J,381,38534,381_38534
journals/sigmod/PuSW01,nkW4iN6JqfAJ,384,33212,384_33212
journals/sigmod/BernsteinBCDFGGHHJLMNPSU98,Syu5W-3uFFAJ,385,6663,385_6663
conf/sigmod/HacigumusILM02,NMgExE-JRD0J,387,59340,387_59340
journals/sigmod/MeltzerC98,77mq-gn4LiAJ,390,35294,390_35294
journals/sigmod/BichlerSZ98,fQNdA5cjapAJ,392,21996,392_21996
conf/sigmod/ZadorozhnyRVUB02,xmE1380_4E4J,395,6462,395_6462
journals/sigmod/EisenbergM98a,AatoNnELw78J,396,39144,396_39144
journals/sigmod/Ritter98,mzqmEYGGT_IJ,397,44153,397_44153
conf/sigmod/OlstonW02,pBKI-JCAlcIJ,398,2288,398_2288
conf/sigmod/KalnisNOPT02,ipAB8UMS7QkJ,401,7027,401_7027
journals/sigmod/ReichB98,HzOZXA_VJk8J,403,32708,403_32708
conf/sigmod/RiedewaldAA02,nQvBo5KHITYJ,404,61320,404_61320
journals/sigmod/JenningsNF98,YiZVv5kVDb4J,406,49414,406_49414
journals/sigmod/DogacDATKCD98,vG5FK8BJkZgJ,408,53688,408_53688
conf/sigmod/KornMZ03,6VAQeD6muakJ,413,842,413_842
journals/sigmod/Domingo-FerrerH98,ajq2idLfpHMJ,414,57485,414_57485
journals/sigmod/BuchnerM98,4J5CvdomBmsJ,415,48707,415_48707
journals/sigmod/BuchnerM98,url:http://portal.acm.org/ft_gateway.cfm%3Fid%3D306124%26type%3Dpdf%26dl%3DGUIDE%26dl%3DACM%26CFID%3D11111111%26CFTOKEN%3D2222222,415,47029,415_47029
conf/sigmod/SengarH03,7Mtanhr8EKoJ,416,49339,416_49339
conf/sigmod/ZhuSZ03,7VSlB0yIt3YJ,420,46489,420_46489
conf/sigmod/ZhangDWEMPMDR03,gWslyEjd3BYJ,421,16412,421_16412
journals/sigmod/RoantreeMH99,url:http://portal.acm.org/ft_gateway.cfm%3Fid%3D310066%26type%3Dpdf%26dl%3DGUIDE%26dl%3DACM%26CFID%3D11111111%26CFTOKEN%3D2222222,424,60861,424_60861
journals/sigmod/RoantreeMH99,JJK6WGPyubgJ,424,52448,424_52448
journals/sigmod/Danish98,mKZyoPZArGcJ,427,44894,427_44894
conf/sigmod/DeshpandeNGS03a,sfB17Fi4MZsJ,430,45192,430_45192
journals/sigmod/ForteHWDCVHFS99,7ML1mmPqIooJ,436,15808,436_15808
conf/sigmod/LakshmananPZ03a,4sJ3mLPGGVQJ,447,37621,447_37621
journals/sigmod/SycaraKWL99,YgouJdrCoZQJ,450,19730,450_19730
conf/sigmod/ShashaB02a,url:http://portal.acm.org/citation.cfm%3Fid%3D564691.564798%26dl%3DGUIDE%26dl%3DACM%26type%3Dseries%26idx%3D564691%26part%3DProceedings%26WantType%3DProceedings%26title%3DInternational%2520Conference%2520on%2520Management%2520of%2520Data%2520and%2520Symposium%2520on%2520Principles%2520of%2520Database%2520Systems%26CFID%3D11111111%26CFTOKEN%3D2222222,451,64007,451_64007
journals/sigmod/PapazoglouH99,WbsAK4ZE17YJ,452,27649,452_27649
journals/sigmod/SouzaS99,lSJVvYYknn0J,453,32559,453_32559
conf/sigmod/ViglasN02,2aeb_pBP7lcJ,454,18746,454_18746
journals/sigmod/FowlerPNB99,OewAZ4AUDOQJ,456,46902,456_46902
conf/sigmod/HinneburgKW02,VWd7jhLXfV0J,458,56738,458_56738
journals/sigmod/CeriFP99,zCbDZVfxWhAJ,459,45995,459_45995
conf/sigmod/Bonnet02,bqyt1789jJ8J,462,6026,462_6026
journals/sigmod/DomenigD99,S6TMGRGUq1IJ,467,15222,467_15222
conf/sigmod/MaddenH02,NXakCefUcdUJ,468,57438,468_57438
conf/sigmod/AgrawalCD02,iABZEL2Zoz8J,469,38382,469_38382
conf/sigmod/AltinelLKMPLWB02,HtYTQ-fN8ccJ,475,54078,475_54078
conf/sigmod/DogacTPPLKTK02,wi8177RdPBYJ,481,44194,481_44194
journals/sigmod/ConradHHKRSS99,nmEhI0tiWGAJ,486,44261,486_44261
conf/sigmod/RaoZML02,c2PgXbSSAFcJ,488,7163,488_7163
journals/sigmod/BoulosO99,yzbCsw2erkcJ,489,12460,489_12460
journals/sigmod/RosenthalS99,c6lzPzSWbKAJ,491,27007,491_27007
journals/sigmod/RamDD99,uA-E1lBgLe0J,493,38769,493_38769
journals/sigmod/PapianiWDN99,HxmnEeCigX8J,495,59280,495_59280
conf/sigmod/BhattacharyaMBNHS02,tsQbSCfQTooJ,496,35638,496_35638
conf/sigmod/MoonWH02,rlfxeE4k2p4J,498,18119,498_18119
journals/sigmod/HansonN99,b5uRDGKYrcMJ,500,17490,500_17490
journals/sigmod/Libkin99,zSO1Y5W7WkwJ,501,31189,501_31189
conf/sigmod/ProcopiucJAM02,k7RinzPIdhYJ,502,9499,502_9499
conf/sigmod/BrunoC02,KAf2DUUVabIJ,505,29630,505_29630
conf/sigmod/Ramanan02,VGe-IBWyMm4J,507,59315,507_59315
journals/sigmod/MusickC99,mA4kKq9Z3tYJ,510,10204,510_10204
conf/sigmod/GaoW02,PZTESZecfnQJ,511,46903,511_46903
journals/sigmod/McHughW97,dAnyGPqToQEJ,514,21834,514_21834
conf/sigmod/DobraGGR02,v7A9Otp7OjsJ,516,57628,516_57628
conf/sigmod/ZhouR02, ,519,59155,519_59155
journals/sigmod/NadoH97,yN9f4dSKC9QJ,523,18622,523_18622
journals/sigmod/AshishK97,rWfbcLnj7_YJ,525,35583,525_35583
conf/sigmod/TatarinovVBSSZ02,gYWmOPwa7mwJ,526,34856,526_34856
journals/sigmod/GrayG97,fFCqy9V5XNgJ,531,3293,531_3293
journals/sigmod/DadamK97,9Ai_9dZChG4J,535,16198,535_16198
conf/sigmod/TaoP02,fDWfHiQ6BR4J,537,25812,537_25812
conf/sigmod/PolyzotisG02,obfTDYVJb4gJ,541,37953,541_37953
journals/sigmod/GuptaHR97, ,543,55108,543_55108
conf/sigmod/ChangH02,4zxRX5K-YSsJ,544,29994,544_29994
conf/sigmod/YangWYH02,xsaovu54vl4J,546,62330,546_62330
journals/sigmod/BarbaraS97,Iw5bYR098o4J,547,20133,547_20133
conf/sigmod/ChoiC02,D8a4umAppIcJ,548,37987,548_37987
journals/sigmod/ClementLGMK97,J7Y20fYLGbcJ,549,39486,549_39486
conf/sigmod/JosifovskiSHL02,xA9KNostV4cJ,551,49150,551_49150
journals/sigmod/HadzilacosT97,a8YsBAmwFjoJ,555,62875,555_62875
conf/sigmod/SzalayGTKMRSv02,1tKWKmyczaYJ,556,13335,556_13335
conf/sigmod/PossSKL02,c3QptREmhgAJ,557,30180,557_30180
journals/sigmod/JukicV97,yZbJS0Cd6cAJ,558,50164,558_50164
conf/sigmod/AntonJLPZZ02,89P3EdEDuOEJ,561,37888,561_37888
journals/sigmod/Fong97,rgJU30QjbhkJ,562,1034,562_1034
journals/sigmod/RamanathanH97,EID4UO0Kv04J,563,18907,563_18907
journals/sigmod/ChaudhuriD97,zlbJ-7JZdP0J,566,48833,566_48833
conf/sigmod/TheobaldW02,w5_HkketH-wJ,569,18324,569_18324
journals/sigmod/McHughAGQW97,FUXcNB3HHi4J,570,43470,570_43470
journals/sigmod/FrewD97,5jMT1PENhSIJ,574,7924,574_7924
conf/sigmod/ChenRW02,05ShsIGjnKkJ,575,34728,575_34728
conf/sigmod/RundensteinerWYD02,7MfXAAdBQ2EJ,577,2592,577_2592
conf/sigmod/LuWYBLY02,JKQ1qE-naxQJ,579,54144,579_54144
journals/sigmod/ChangGKRS98,url:http://portal.acm.org/ft_gateway.cfm%3Fid%3D290607%26type%3Dpdf%26dl%3Dportal%26dl%3DACM%26CFID%3D11111111%26CFTOKEN%3D2222222,581,53127,581_53127
conf/sigmod/CrescenziMM02,pI0WktymowwJ,583,13296,583_13296
journals/sigmod/FlorescuLM98,_SR_pRTnA6IJ,584,29830,584_29830
journals/sigmod/KeetonPH98,6MtRlhEClPEJ,585,37298,585_37298
journals/sigmod/Lomet98,xLM0YVcccUgJ,588,6108,588_6108
journals/sigmod/GriffinK98,Qvl2bcDAyqEJ,589,13297,589_13297
journals/sigmod/CheungF98,ig7B9agTOMAJ,591,54126,591_54126
conf/sigmod/BreunigKKS01,3ET_IEkoGjYJ,593,34940,593_34940
journals/sigmod/TsotrasJS98,f3-E7x12K4gJ,594,31831,594_31831
journals/sigmod/BurtonM98,LOXd8JPfhpwJ,595,11440,595_11440
conf/sigmod/ChaudhuriDN01,qfohkpyTawoJ,597,52570,597_52570
conf/sigmod/SlivinskasJS01,oAVbM_vepr8J,599,60994,599_60994
journals/sigmod/LometBCLN98,url:http://portal.acm.org/ft_gateway.cfm%3Fid%3D290608%26type%3Dpdf%26dl%3DGUIDE%26dl%3DACM%26CFID%3D11111111%26CFTOKEN%3D2222222,600,28323,600_28323
conf/sigmod/ChenZCKR01,q49c-IEX7N8J,603,45452,603_45452
journals/sigmod/KappelR98,tbZ0J3HLI18J,604,32502,604_32502
journals/sigmod/GatziuKBF98,YERfAnxw2RcJ,609,26234,609_26234
conf/sigmod/LeeWMS01,OFXL5KsJiWcJ,610,10869,610_10869
conf/sigmod/DattaDRTV01,qK-N8yVLSWUJ,613,1807,613_1807
journals/sigmod/Seshadri98,_nIg_hi8PAAJ,614,63668,614_63668
journals/sigmod/Roussopoulos98,GfjHZswtM0EJ,615,55314,615_55314
conf/sigmod/YanMHF01,8hRWaIVZ2ykJ,624,45610,624_45610
journals/sigmod/Han98,Y0GdVVrbzfQJ,625,30666,625_30666
conf/sigmod/HanPDW01,ue3gCyIirokJ,626,51606,626_51606
conf/sigmod/BorkarDS01,8zFEVer1rBUJ,630,21607,630_21607
journals/sigmod/Bernstein98,AYEI8XDoY9wJ,632,2882,632_2882
journals/sigmod/KoksalAD98,enYoi4XT7n0J,633,57867,633_57867
conf/sigmod/OlstonWL01,I_YprPVQ45QJ,634,54299,634_54299
journals/sigmod/Manola98,VIjfH9f94xkJ,635,52686,635_52686
conf/sigmod/GodfreyGXZ01,LNnvt5TpBhkJ,638,17907,638_17907
journals/sigmod/ChangASS98,CPzROuDNZqgJ,640,63016,640_63016
journals/sigmod/BrunieK96,spI2g7jFHuYJ,643,52538,643_52538
journals/sigmod/GerlhofKM96,eq249ewqsHMJ,646,43211,646_43211
conf/sigmod/LangS01,FFQc9XpGFRsJ,647,38478,647_38478
journals/sigmod/NormanZT96,rPFgPOAANuQJ,648,21678,648_21678
conf/sigmod/Meseck01,hWiIngXs5I0J,650,56182,650_56182
journals/sigmod/HasanFV96,m2CCumFeAWgJ,652,43259,652_43259
journals/sigmod/Dogac96,url:http://portal.acm.org/citation.cfm%3Fid%3D234889.234900%26dl%3DGUIDE%26dl%3DACM%26idx%3DJ689%26part%3Dperiodical%26WantType%3Dperiodical%26title%3DACM%2520SIGMOD%2520Record%26CFID%3D11111111%26CFTOKEN%3D2222222,654,45732,654_45732
conf/sigmod/ShahC01,2wGOv6yh4yIJ,655,6248,655_6248
journals/sigmod/BilirisP96,fu9j50Kk4Y4J,656,1397,656_1397
journals/sigmod/Colliat96,FP-ribG9oVsJ,659,29173,659_29173
journals/sigmod/UlusoyB96,LclVYrb7vJoJ,665,33016,665_33016
conf/sigmod/MistryRSR01,r62IMncHe0IJ,669,56345,669_56345
journals/sigmod/AndlerHEMBE96,oNYOKYvjoKgJ,670,11194,670_11194
conf/sigmod/AgichteinGV01,GDoFPiEzEhQJ,673,38346,673_38346
journals/sigmod/SilberschatzSU96,_ZsI_bVIJMwJ,674,42509,674_42509
journals/sigmod/PhatakSSS96,url:http://portal.acm.org/ft_gateway.cfm%3Fid%3D381897%26type%3Dpdf%26dl%3Dportal%26dl%3DACM%26CFID%3D11111111%26CFTOKEN%3D2222222,676,30709,676_30709
journals/sigmod/RamamrithamSSTX96,kezAM71rts0J,677,3707,677_3707
journals/sigmod/SonDT96,62uEWBKYqgoJ,683,61843,683_61843
journals/sigmod/AdelbergKG96,GfiQygac5twJ,685,55397,685_55397
conf/sigmod/GreenwaldK01,8but_7FuryIJ,686,49552,686_49552
conf/sigmod/Galindo-LegariaJ01,BSlaDX5r0HQJ,689,21813,689_21813
conf/sigmod/DeshpandeGR01,knAoAIpo7hYJ,691,23234,691_23234
journals/sigmod/Baeza-YatesN96,1avO1fqtQ6QJ,692,54210,692_54210
journals/sigmod/FreemanG96,Em3qp7RGalkJ,693,52067,693_52067
conf/sigmod/LazaridisM01,IvMJ4bK708kJ,694,38108,694_38108
journals/sigmod/Wade96,AYtrcxExrbkJ,695,13312,695_13312
conf/sigmod/BrunoCG01,8KJ9XFv1ESAJ,696,50970,696_50970
journals/sigmod/UrbanDG96,url:http://portal.acm.org/ft_gateway.cfm%3Fid%3D381892%26type%3Dpdf%26dl%3DGUIDE%26dl%3DACM%26CFID%3D11111111%26CFTOKEN%3D2222222,697,7529,697_7529
conf/sigmod/YuMWL01,h95306-8rjEJ,702,55135,702_55135
journals/sigmod/Qian96,NiswbODuzhAJ,703,7203,703_7203
journals/sigmod/KramerNKRLKLZ97,1sBvG9OXpMAJ,705,32765,705_32765
conf/sigmod/BohannonMR01,ChD3-mp23f8J,706,13695,706_13695
journals/sigmod/TomasicS97, ,707,24291,707_24291
conf/sigmod/WynblattN01,PVUtZWBcxlAJ,708,10951,708_10951
journals/sigmod/AbelTK97,yK-yqVAiXekJ,709,52852,709_52852
journals/sigmod/KaradimitriouT97,SrCBkHnIFL8J,713,14794,713_14794
conf/sigmod/ZhangNDLL01,ryaV3kTsJ2IJ,714,63387,714_63387
conf/sigmod/AgrawalCN01,2Ua-pWTof_YJ,717,23192,717_23192
journals/sigmod/Gardels97,PlitMluIJyYJ,718,37426,718_37426
journals/sigmod/Ioannidis96,IgQsVaud8BIJ,721,33670,721_33670
conf/sigmod/HristidisKP01,mg9ABNG06O4J,724,50021,724_50021
conf/sigmod/JoshiA01,H9bMRYKnXMQJ,726,45149,726_45149
conf/sigmod/IpeirotisGS01,bo7ArXlXypQJ,728,38272,728_38272
conf/sigmod/DoanDH01,Lv0bggWzgeoJ,731,27002,731_27002
conf/sigmod/KeoghCMP01,QTzuiNlMnR4J,733,10942,733_10942
journals/sigmod/HasanMV96,bLbjFFkQJdIJ,734,32101,734_32101
journals/sigmod/KennedyMB96,vBYtmDEYeK0J,735,29239,735_29239
journals/sigmod/RafanelliBT96,MfWZUBAVPFUJ,738,42135,738_42135
journals/sigmod/Keim96,vkUvhZOw-1YJ,746,41139,746_41139
journals/sigmod/SantucciT96,url:http://portal.acm.org/ft_gateway.cfm%3Fid%3D245898%26type%3Dpdf%26dl%3DGUIDE%26dl%3DACM%26CFID%3D11111111%26CFTOKEN%3D2222222,748,8113,748_8113
conf/sigmod/GehrkeKS01,f6JFkfhawW8J,751,14733,751_14733
journals/sigmod/Ahlberg96,4bBje8qkHVgJ,752,7056,752_7056
journals/sigmod/Eisenberg96,tFbkjO2wcFMJ,753,57536,753_57536
conf/sigmod/AggarwalY00,dfSPs7YoyWsJ,754,39087,754_39087
conf/sigmod/Lomet00,FiPJDs_jm54J,757,12783,757_12783
journals/sigmod/Sidell96,url:http://portal.acm.org/ft_gateway.cfm%3Fid%3D245906%26type%3Dpdf%26dl%3DGUIDE%26dl%3DACM%26CFID%3D11111111%26CFTOKEN%3D2222222,759,39375,759_39375
conf/sigmod/LabioWGG00,EhR3fz7f7vcJ,760,7930,760_7930
journals/sigmod/ZobelMR96,6NbNX8nSta0J,763,32491,763_32491
conf/sigmod/ChoSG00,ilJdCU_qODkJ,769,26435,769_26435
journals/sigmod/MedskerCS95,url:http://portal.acm.org/ft_gateway.cfm%3Fid%3D202673%26type%3Dpdf%26coll%3DGUIDE%26dl%3DACM%26CFID%3D11111111%26CFTOKEN%3D2222222,770,58420,770_58420
conf/sigmod/RamaswamyRS00,VJIHPbki2uAJ,773,38418,773_38418
journals/sigmod/DogacAOD95,oUOuTMrB0esJ,774,4430,774_4430
conf/sigmod/SzalayGKT00,GYR0v7CFkP0J,776,46510,776_46510
conf/sigmod/GunopulosKTD00,ASfROcKWFmgJ,777,16167,777_16167
journals/sigmod/Hanna95,EKqpEdn3kDMJ,778,30918,778_30918
journals/sigmod/Chaudhri95,DY6x1fDAy9EJ,779,14911,779_14911
conf/sigmod/AcharyaGP00,WGWZ2cNZW2YJ,780,2313,780_2313
conf/sigmod/WaasG00,xnoCdNeQykAJ,781,56174,781_56174
journals/sigmod/YanG95,tMXkkRDxvkQJ,786,51043,786_51043
journals/sigmod/Qian95a,url:http://portal.acm.org/ft_gateway.cfm%3Fid%3D212022%26type%3Dpdf%26dl%3DGUIDE%26dl%3DACM%26CFID%3D11111111%26CFTOKEN%3D2222222,787,9337,787_9337
conf/sigmod/CorralMTV00,TsShfxPwF6YJ,788,49282,788_49282
journals/sigmod/Zhang95,f86VsMJZ9gAJ,791,1970,791_1970
conf/sigmod/HellersteinA00,Gsb6dnkFBMoJ,792,9473,792_9473
conf/sigmod/PopaDST00,gAwckIiPpTEJ,794,54569,794_54569
conf/sigmod/AgrawalW00,wivJNEQEWzMJ,796,43199,796_43199
conf/sigmod/ForlizziGNS00,jW1JUC-AQXoJ,798,6036,798_6036
journals/sigmod/DogacDKOONEHAKKM95,UAO4T_2ylPkJ,799,60152,799_60152
conf/sigmod/GillmannWSWW00,L61_1TEGBLYJ,804,23914,804_23914
journals/sigmod/JainH94,iQMUP3fkvo4J,806,7347,806_7347
journals/sigmod/BohmR94,GXApzwcGl78J,807,12482,807_12482
conf/sigmod/RiedelFGN00,ospJVA6AD1sJ,809,30373,809_30373
journals/sigmod/ShinM94,hnpTcGMYR80J,810,52266,810_52266
journals/sigmod/Bertram94,qaSgL5tVq1AJ,812,27445,812_27445
conf/sigmod/ShenoyHSBBS00,SipDBj3SOb4J,815,23828,815_23828
journals/sigmod/KiyokiKH94,xT3mwY4t5kEJ,816,18128,816_18128
conf/sigmod/HsiaoN00,iY5wlS4jsg0J,818,30155,818_30155
journals/sigmod/Jannink95,22yR9rN5xuQJ,826,41552,826_41552
conf/sigmod/WangSSZZW00,CaplZan57x4J,828,19598,828_19598
conf/sigmod/JarkeQCLFLVV00,bl_VrPzIIPwJ,829,42592,829_42592
journals/sigmod/Jarke95,url:http://portal.acm.org/ft_gateway.cfm%3Fid%3D202671%26type%3Dpdf%26dl%3DGUIDE%26dl%3DACM%26CFID%3D11111111%26CFTOKEN%3D2222222,830,27452,830_27452
journals/sigmod/DarwenD95,DVnOcHunv7MJ,832,45143,832_45143
journals/sigmod/Qian95b,url:http://portal.acm.org/ft_gateway.cfm%3Fid%3D219772%26type%3Dpdf%26dl%3DGUIDE%26dl%3DACM%26CFID%3D11111111%26CFTOKEN%3D2222222,835,53540,835_53540
conf/sigmod/GoldmanW00,Ol886Ck3jz4J,836,46937,836_46937
journals/sigmod/EnglertGH95,JRXuKm3E_foJ,837,36238,837_36238
conf/sigmod/RodriguezR00,UF4wxbIa6FMJ,838,29667,838_29667
conf/sigmod/LeeKOTM00,C8RLbWKCgicJ,840,7380,840_7380
journals/sigmod/Bohlen95,v5P_NFXdOR8J,843,29493,843_29493
conf/sigmod/ChenJDTW00,fg5EE6R7xYwJ,844,6367,844_6367
journals/sigmod/WolfsonSDNR95,R51Yi7sWJ6EJ,845,51087,845_51087
journals/sigmod/AlonsoCIM95,5LlePa4wQmEJ,848,9643,848_9643
journals/sigmod/ElmagarmidJF95,CJK2SWLYrRYJ,851,62820,851_62820
journals/sigmod/DrewHKKLLLSW95,9fcJjh5vHn8J,853,405,853_405
journals/sigmod/BhargavaAP95,Sql66UDiVnwJ,857,15919,857_15919
conf/sigmod/FaloutsosSTT00,qsWDIfzBxiQJ,858,61091,858_61091
conf/sigmod/KornM00,HlhXdvHzlvwJ,859,33038,859_33038
journals/sigmod/Ulusoy95,uMYecZGSCv4J,860,26179,860_26179
journals/sigmod/NobleS95,rRvcD6HKhasJ,863,40409,863_40409
conf/sigmod/GarofalakisGRSS00,5uvR4kU1UOoJ,864,10093,864_10093
journals/sigmod/Fong95,zw3-t-veNvAJ,865,26104,865_26104
journals/sigmod/ONeilG95,51gKshu0CWcJ,868,51035,868_51035
journals/sigmod/Richey95,2p2A5_qGf5cJ,874,21799,874_21799
journals/sigmod/RosenthalSMBTL95, ,875,5252,875_5252
journals/sigmod/RisheSBDOALOSS95,pGU2Ew1AQkoJ,878,54767,878_54767
journals/sigmod/Wong95,7F9iCGggYVgJ,882,33505,882_33505
journals/sigmod/DoanPK95,c0TSepqRwwMJ,885,23376,885_23376
conf/sigmod/JagadishKS00,OZRYdxoJqXMJ,886,51860,886_51860
conf/sigmod/ChangBCLLS00,bqtRaOoJ87AJ,888,59346,888_59346
journals/sigmod/Winslett94,url:http://portal.acm.org/ft_gateway.cfm%3Fid%3D181569%26type%3Dpdf,899,16706,899_16706
conf/sigmod/ChakrabartiM99,Jg81WYtxtZoJ,901,53259,901_53259
journals/tods/LakshmananLN03,g8e0xiRUkIwJ,903,19641,903_19641
conf/sigmod/AggarwalPWYP99,G3dX_RTA26MJ,904,25422,904_25422
conf/sigmod/HsuLG00,kxIpDxLD46gJ,905,33708,905_33708
journals/tods/ChoG03,HqAWyuB11loJ,906,45388,906_45388
journals/tods/DiaoAFZF03,fREDZIbZVdEJ,910,54947,910_54947
conf/sigmod/LiBCS00,4abl38Q9iH4J,911,1547,911_1547
journals/tods/HjaltasonS03,9Wan9sPNUAYJ,912,40800,912_40800
conf/sigmod/MerialdoAMMP00,Qq0WheHyVv8J,913,9649,913_9649
journals/sigmod/DreyerDS94,GCf11c7YuucJ,914,50102,914_50102
journals/sigmod/DiazJPa94,sG7PCEiN2xAJ,915,11831,915_11831
journals/sigmod/Snodgrass94,SYVDufoTe_IJ,917,3019,917_3019
journals/sigmod/Loeffen94,gb-yIDOxaEkJ,923,59498,923_59498
conf/sigmod/IvesLPST00,rtnpqb22gGcJ,924,32483,924_32483
journals/sigmod/NorrieBSW94,q6YVJJgD1uQJ,925,6759,925_6759
journals/sigmod/Gallagher94,PVm9r7wHzDAJ,927,27278,927_27278
conf/sigmod/YerneniLGU99,hnMltY0uSf0J,929,63913,929_63913
conf/sigmod/Keim99,GBZiTCbChZQJ,931,47500,931_47500
journals/tods/MelnikG03,y2dZ5cRja_IJ,932,43360,932_43360
conf/sigmod/DavulcuFKR99,TDyW6V4cc7MJ,933,55843,933_55843
journals/tods/FernandezKSMT02,ckrgSn0vBOMJ,934,32847,934_32847
conf/sigmod/CallanCD99,eWVreKOw_QgJ,936,58501,936_58501
conf/sigmod/BeyerR99,6Cdfxiuibd0J,937,14480,937_14480
journals/tods/GibbonsMP02,QKnjF3UgncMJ,938,40197,938_40197
conf/sigmod/MayrS99,1lRZz4bZvxEJ,939,19681,939_19681
journals/tods/CaldersNW02,DSl0gT8EgR0J,940,16713,940_16713
conf/sigmod/AggarwalWY99,s9hhR-EdDGgJ,941,46282,941_46282
journals/tods/ChakrabartiKMP02,eHY42LnL_lsJ,942,13811,942_13811
conf/sigmod/KotidisR99,qzjtGDo7OuMJ,944,1756,944_1756
journals/tods/JacoxS03,ujD_9YAZctUJ,946,31620,946_31620
conf/sigmod/IvesFFLW99,yrnhcMqsUVoJ,949,19642,949_19642
conf/sigmod/BlohsfeldKS99,PQbi3PaRh84J,951,29366,951_29366
conf/sigmod/Jamil99,z5EfiutEfScJ,953,18955,953_18955
journals/tods/GunopulosKMSTS03, ,955,55922,955_55922
conf/sigmod/ShanmugasundaramNSR99,eQjFv7QxsQQJ,956,6965,956_6965
journals/tods/KarpSP03,mAQIVsd2VOMJ,957,48024,957_48024
conf/sigmod/AdaliSS99,Cbwq3JSxrSAJ,959,9509,959_9509
conf/sigmod/AdaliSS99,c2dH5RxNj6kJ,959,294,959_294
journals/tods/BeneventanoBS03,rRH6Z1oP78cJ,960,27429,960_27429
conf/sigmod/CruzJ99,vXMwU21-7HMJ,962,60873,962_60873
conf/sigmod/MamoulisP99,z9MQwq7G3GYJ,964,32923,964_32923
conf/sigmod/NgLHM99,YemauUgIzlcJ,968,2881,968_2881
journals/sigmod/Datta94,PPH2NlobSwsJ,969,16538,969_16538
conf/sigmod/WolfsonSXZC99,4dbCEDwsluQJ,970,39299,970_39299
conf/sigmod/BraumandlKK99,4fjXoCHhe1kJ,971,16696,971_16696
journals/sigmod/Klein94,kG86HB6N1xEJ,972,44330,972_44330
conf/sigmod/LiuHBPT99,PKQ1dCQIwi0J,974,53253,974_53253
conf/sigmod/AltinelABFSZ99,ebmulQBhqZEJ,976,47236,976_47236
journals/sigmod/GlavitschSW94,IQjGtYPrUFUJ,978,40206,978_40206
conf/sigmod/TrisoliniLN99,cFMtMf7bLzIJ,980,6620,980_6620
journals/sigmod/AndersonS94,aDk2IS_xwToJ,981,21090,981_21090
journals/sigmod/GroskyFS94,zMK02pxd4OEJ,983,41633,983_41633
conf/sigmod/HinneburgK99,C9imFvgrSvAJ,986,21408,986_21408
conf/sigmod/KrishnamurthyBN99,qS4jhfgPbm8J,987,906,987_906
journals/sigmod/BarclayBGS94,wPhDoeiINQsJ,989,52051,989_52051
conf/sigmod/Mohan99,XppwYYxOpksJ,991,28174,991_28174
journals/sigmod/MattosD94,HhUCea7De6YJ,992,14729,992_14729
conf/sigmod/FlorescuLMS99,h0uuqAstOPUJ,993,10173,993_10173
journals/sigmod/Yang94,sHJ914nPZtUJ,998,56170,998_56170
conf/sigmod/LeeKC99,c-5n9qQKLaEJ,1005,1991,1005_1991
journals/sigmod/MedeirosP94,chmPCuLihZoJ,1006,46560,1006_46560
conf/sigmod/AboulnagaC99,WWaxLMIptTMJ,1007,23554,1007_23554
journals/sigmod/BunemanLSTW94,lkreWUl_euYJ,1008,44272,1008_44272
journals/sigmod/Widom94,lAbG3uFZvVUJ,1009,48146,1009_48146
conf/sigmod/LakshmananNHP99,DfOLEzMoEaEJ,1010,37833,1010_37833
journals/sigmod/Qian94,url:http://portal.acm.org/ft_gateway.cfm%3Fid%3D187462%26type%3Dpdf%26coll%3DGUIDE%26dl%3DACM%26CFID%3D11111111%26CFTOKEN%3D2222222,1019,10357,1019_10357
conf/sigmod/AnkerstBKS99,Hj3vyh0TJVsJ,1020,41841,1020_41841
conf/sigmod/JagadishLS99,uXZXfQgn4doJ,1022,50157,1022_50157
conf/vldb/AgrawalSX01,bpWvAVOZLbwJ,1026,11617,1026_11617
conf/vldb/CasatiDGS01,bFnDGrZ_4voJ,1027,24715,1027_24715
conf/vldb/AilamakiDHS01,gUJrOpj89tQJ,1030,32518,1030_32518
conf/vldb/SakuraiYKU01,OQMYc3S0Ny8J,1032,22494,1032_22494
conf/vldb/GilbertKMS01,9rDLhwM_4mYJ,1035,12953,1035_12953
conf/sigmod/JarkeQBLMS99,nSKzTBqurCwJ,1036,11984,1036_11984
conf/vldb/MeccaCM01,Ph7ZpmdNOPEJ,1037,10595,1037_10595
conf/vldb/BaumgartnerFG01,I1xHtA3f3MsJ,1039,43365,1039_43365
conf/vldb/MargaritisFT01,z2EsEsrBfsYJ,1042,52363,1042_52363
conf/vldb/DongHLPW01,C_H34ddegI8J,1043,59621,1043_59621
conf/sigmod/RundensteinerCLCZNJLW99,SADcQZhMqgEJ,1044,34037,1044_34037
conf/sigmod/ZhouLP99,0OwKmPjQpd0J,1045,28610,1045_28610
conf/vldb/LiM01,vkMYwC5tzUgJ,1046,42184,1046_42184
conf/vldb/RamanH01,8PPmw6A0XfkJ,1047,12250,1047_12250
conf/vldb/FegarasE01,pinPEM3Rvm0J,1050,34319,1050_34319
conf/vldb/NatsevCSLV01,2CYtbbiwv-AJ,1055,4054,1055_4054
conf/sigmod/ChangG99,8Yt1Mba9-wQJ,1057,35225,1057_35225
conf/vldb/LiCHPALHAY01,Nn0x6RmkrVwJ,1059,39911,1059_39911
conf/vldb/BlokWZPAKJ01,4Ga0Ts2_rp0J,1062,56560,1062_56560
conf/vldb/BlokWZPAKJ01,jxPqWIuxhvwJ,1062,44085,1062_44085
conf/vldb/BrownG01,aJoPVuDNDSsJ,1066,21438,1066_21438
conf/sigmod/DeutschFS99,QxtGOVsCF78J,1068,33671,1068_33671
conf/vldb/ZengBNN01,3TivNLIErRkJ,1069,28196,1069_28196
conf/vldb/MaedaT01,dipeGpTdsoQJ,1071,17281,1071_17281
conf/vldb/AndreiV01,Ms4IJoI6-34J,1080,16592,1080_16592
conf/vldb/MignetMAC01,VaDXNMtPZ4oJ,1089,36294,1089_36294
conf/sigmod/FernandezFKLS98,fNDX0gaFmB0J,1091,7285,1091_7285
conf/vldb/AboulnagaAN01,OBbDFGQNEDQJ,1092,61244,1092_61244
conf/vldb/YangG01,xQYKEHCggZQJ,1093,12443,1093_12443
conf/sigmod/ChanI98,VC7Jbwgn_O0J,1094,61161,1094_61161
conf/vldb/AksoyZF01,A92KQRVdZaoJ,1095,23126,1095_23126
conf/vldb/Gibbons01,tYtl6ZxQ-_YJ,1099,60269,1099_60269
conf/sigmod/RajagopalanML98,wO6VeeLIXAsJ,1101,62228,1101_62228
conf/vldb/GravanoIJKMS01,iAYjhuQV_qMJ,1102,34517,1102_34517
conf/vldb/UrhanF01,0-FUXURm1FQJ,1104,48584,1104_48584
conf/vldb/BunkerCCMMW01,bKfF2TdyKDwJ,1105,44240,1105_44240
conf/sigmod/Doherty98,7aUag74jtdIJ,1106,22868,1106_22868
conf/vldb/LahiriSCMC01,MbzMAsLHlfEJ,1108,16978,1108_16978
conf/vldb/Shmueli01,rEwEqoAns-gJ,1110,9611,1110_9611
conf/vldb/SadriZZA01,89l6j2Mbe2kJ,1111,35453,1111_35453
conf/sigmod/Whelan98,Jp9LEvXjiJAJ,1113,33211,1113_33211
conf/vldb/Novaretti01,tZtnFoH5lY0J,1114,23314,1114_23314
conf/vldb/Draluk01,xQzrilMR-QQJ,1115,15840,1115_15840
conf/sigmod/LahiriJJC98,qtwJ7XWG9JIJ,1117,60117,1117_60117
conf/sigmod/Aulakh98,xFK4CkKj14EJ,1119,40690,1119_40690
conf/vldb/ChienTZ01,eWCz_YJFqjcJ,1122,20968,1122_20968
conf/vldb/OzsuLON01,qqdXmdgAaMgJ,1126,4142,1126_4142
conf/vldb/BohmMSW01,Uv3mhmUGwdcJ,1127,52072,1127_52072
conf/sigmod/VossenW99,9PhYz-N58A8J,1128,58263,1128_58263
conf/vldb/WaasCB01,y_gKGtzupHIJ,1129,56651,1129_56651
conf/vldb/LuoN01,TRWSf77xoWsJ,1131,44546,1131_44546
conf/vldb/ChaHKK01,VyOa5Uqsj6AJ,1133,47431,1133_47431
conf/sigmod/KotidisR98,CpHJwU8o-BkJ,1137,7495,1137_7495
conf/vldb/Kotidis01,lRL4LmMtwnYJ,1138,26905,1138_26905
conf/vldb/BerckenS01,fhbW320LsusJ,1140,20193,1140_20193
conf/vldb/BerckenS01,BJ8i-uzFQi4J,1140,8290,1140_8290
conf/vldb/AnSVKIG01,HosSI1GtRY8J,1141,45547,1141_45547
conf/sigmod/UrhanFA98,ufjnZovcIb4J,1142,48723,1142_48723
conf/vldb/GalhardasFSSS01,nlOAkKW_ry8J,1143,63352,1143_63352
conf/sigmod/KabraD98,V9XUvirmVEEJ,1144,62080,1144_62080
conf/sigmod/SubramanianV98,KxwymZ2AGNQJ,1145,56102,1145_56102
conf/vldb/CooperSFHS01,PAfEdPwJ8tgJ,1147,15603,1147_15603
conf/sigmod/ChakrabartiDI98,qtVVVrzTLr4J,1148,50576,1148_50576
conf/sigmod/NestorovAM98,5icRoG_Vmc0J,1149,9079,1149_9079
conf/vldb/ManolopoulosT01,hr5OGCJqc2MJ,1150,8147,1150_8147
conf/sigmod/DeshpandeRSN98,BXB96UFPHn8J,1151,59314,1151_59314
conf/vldb/TanEO01,1A06w64wjvcJ,1152,37457,1152_37457
conf/vldb/AgrawalCN00,U8CMJBaJyX8J,1153,64208,1153_64208
conf/vldb/Bar-YossefBCFW00, ,1156,9672,1156_9672
conf/sigmod/HjaltasonS98,3mwWUz_ORNYJ,1157,15917,1157_15917
conf/vldb/DingGS00,I5fV3jpcrmAJ,1158,15218,1158_15218
conf/vldb/PantiSG00,C7Vuxp5KVsAJ,1159,31974,1159_31974
conf/sigmod/ZhaoDNS98,mBC03oUT8yAJ,1160,57854,1160_57854
conf/vldb/PappasC00,url:http://portal.acm.org/citation.cfm%3Fid%3D645926.671850,1164,31637,1164_31637
conf/vldb/ManolescuFKXO00,c22l_WX_ADwJ,1165,33369,1165_33369
conf/vldb/DuttaDMRT00,q0Ovw6QUk3MJ,1167,1887,1167_1887
conf/sigmod/GodfreySE98,f5cqkpUXl0kJ,1169,17417,1169_17417
conf/sigmod/ChaudhuriMN98,hvMTb3FYOjQJ,1172,48627,1172_48627
conf/vldb/MohanBWSZ00,zCY0pFken7wJ,1178,24416,1178_24416
conf/vldb/CotterB00,SJ6PiY04ebMJ,1179,14396,1179_14396
conf/sigmod/GibbonsM98,4EgMtIywBRUJ,1180,40069,1180_40069
conf/vldb/Banerjee00,owfPKT5ip68J,1182,11037,1182_11037
conf/sigmod/JaedickeM98,MswqiEweEGUJ,1183,32589,1183_32589
conf/vldb/Tsur00,buI2V0eIcZoJ,1184,29459,1184_29459
conf/sigmod/AvnurHLORRRW98,bEu_llku9NMJ,1185,36511,1185_36511
conf/vldb/ChoenniV00,R1j3CdeOlwsJ,1186,17297,1186_17297
conf/sigmod/AmbiteABKMMMPT98,iE-UE2bDGZ8J,1188,8809,1188_8809
conf/sigmod/DarEGP98,ewnL82c8kiMJ,1190,40831,1190_40831
conf/sigmod/KornackerSH98,bV8_CDuW2gMJ,1192,31655,1192_31655
conf/sigmod/LiS98,Vxg-4KP7FfEJ,1194,12431,1194_12431
conf/vldb/MatiasVW00,7SeTnikjovEJ,1195,49971,1195_49971
conf/sigmod/Brewer98,k4UNrsGeUuAJ,1196,20481,1196_20481
conf/sigmod/OlstonWACELSS98,UTYa5uf9zSIJ,1197,20955,1197_20955
conf/vldb/KemmeA00, ,1198,13148,1198_13148
conf/sigmod/LiuPTBBZBHY98,ezlAkB7ijDUJ,1199,53714,1199_53714
conf/vldb/YuV00,43N2r_SuYccJ,1200,57699,1200_57699
conf/vldb/PardonA00,k7G60pXtD58J,1202,22155,1202_22155
conf/sigmod/RaoR98,WlSXiMaxGlQJ,1203,44809,1203_44809
conf/vldb/YagoubFIV00,195Hlqu94qEJ,1204,36998,1204_36998
conf/vldb/WuFSP00,XojbAfbtdvcJ,1205,12904,1205_12904
conf/sigmod/BerchtoldBK98,4Uf5sjXgwhoJ,1206,35546,1206_35546
conf/sigmod/JonssonFS98,5fb1l1MyGisJ,1207,55383,1207_55383
conf/vldb/LingLL00,yKnPPSNrDb0J,1208,13819,1208_13819
conf/vldb/YiF00,7j1pKfzfgNYJ,1209,60452,1209_60452
conf/vldb/LuL00,Ih5hY-NRmFgJ,1212,36310,1212_36310
conf/sigmod/ShintaniK98,JfxEos8BQDAJ,1214,52699,1214_52699
conf/vldb/GoldsteinR00,ylZFc8RNoeQJ,1216,47364,1216_47364
conf/vldb/CareyKRLABFLOPQRSSUVWY01,_pAcjtd1nbEJ,1217,57583,1217_57583
conf/sigmod/Toyama98,h4OQc4N4kjIJ,1219,45733,1219_45733
conf/vldb/AbrolLMMMRTWZ01,w9Ma-YjZHYkJ,1221,50846,1221_50846
conf/sigmod/ParkKKLPC98,aepGxosl6YoJ,1224,13659,1224_13659
conf/sigmod/Cohen98a,qfD_kxYt-dsJ,1226,12176,1226_12176
conf/vldb/AnciauxBBPV01,PFEvlg2DiMkJ,1227,6674,1227_6674
conf/vldb/CatozziR01,x_mqIy3GCmAJ,1229,60781,1229_60781
conf/vldb/BaumgartnerFG01a,GGyAHg9kwysJ,1233,42864,1233_42864
conf/sigmod/BrinMUT97,0cOrb6RuPW0J,1236,37111,1236_37111
conf/sigmod/ZhaoDN97,chYdQDE8cPsJ,1237,63367,1237_63367
conf/sigmod/ZhaoDN97,YwLoGdTgG-sJ,1237,2401,1237_2401
conf/vldb/SindoniTABFGMPPT01,0zdXnl9cQysJ,1238,15268,1238_15268
conf/sigmod/AcharyaFZ97,9OEjtHuRUzsJ,1239,18522,1239_18522
conf/sigmod/KornackerMH97,O81USJg2EhwJ,1241,51295,1241_51295
conf/vldb/PereiraFJLS01,Cd6A4nsDnkQJ,1242,53783,1242_53783
conf/vldb/YagoubFIV00a,hMsWZU5TJWYJ,1243,54633,1243_54633
conf/vldb/ZhouLZLZJT01,fJQ7Col2vYsJ,1245,50728,1245_50728
conf/sigmod/BerchtoldBBKK97,BMkGN7AiGhYJ,1248,23353,1248_23353
conf/vldb/OoiYTJ01,RFEE_MNM8IUJ,1251,41448,1251_41448
conf/vldb/TanSHCR01,hPcNG0tPwgIJ,1253,27543,1253_27543
conf/vldb/LabrinidisR01,3Ozte0ucNJAJ,1255,20303,1255_20303
conf/vldb/LabrinidisR01,MNDAemDpS3cJ,1255,17604,1255_17604
conf/vldb/SatheS01,L1IBwD8w1G0J,1258,63303,1258_63303
conf/vldb/BratsbergH01,x-oQarjjgccJ,1261,14802,1261_14802
conf/sigmod/AndersonBKW98,j6v2b9hN-R4J,1263,50135,1263_50135
conf/vldb/JensenL01,yUDkYbmDTXIJ,1264,2672,1264_2672
conf/vldb/Duranti01,gQW6iYG5Vh0J,1266,46092,1266_46092
conf/vldb/MarronL01,a3aecJJ58NIJ,1269,15821,1269_15821
conf/vldb/WiesnerK01,UrDwK2S7QVwJ,1271,2606,1271_2606
conf/vldb/BonifatiCDS01,tCrfb27dXiwJ,1273,39441,1273_39441
conf/vldb/Huyn01,SbL4xw4mCewJ,1276,25679,1276_25679
conf/vldb/BouguettayaEMO01,n-tA57d7ydcJ,1278,3450,1278_3450
conf/vldb/Gentili01,2j1dalv3kCEJ,1279,7555,1279_7555
conf/vldb/NetzCBF00,mRIRFxOC8A8J,1283,34030,1283_34030
conf/vldb/Blecken00,hCSzil0nuVEJ,1290,38248,1290_38248
conf/sigmod/Arpaci-DusseauACHP97,6_FvrRYnxHYJ,1291,19397,1291_19397
conf/vldb/CasatiS00,OjOQRHgD-qwJ,1292,42259,1292_42259
conf/vldb/Schnase00,OdaRU442nm0J,1293,7509,1293_7509
conf/vldb/Bowker00,fAHjV8C1hLcJ,1296,50871,1296_50871
conf/vldb/Ladin00,kPTa4IiS_sgJ,1298,25595,1298_25595
conf/vldb/Deshpande00,2DiLFd0rgPgJ,1301,36468,1301_36468
conf/sigmod/MumickQM97,c_n0wQe1FhAJ,1302,43123,1302_43123
conf/vldb/RamamrithamABEGP00,jYGXFESkS-YJ,1305,41226,1305_41226
conf/vldb/CareyKSSS00,fRo4fx_Q6gIJ,1308,4795,1308_4795
conf/sigmod/AdelbergGW97,zZo47Z-jVX4J,1309,18839,1309_18839
conf/vldb/BernsteinHJRW00,KlPsHutXQi8J,1311,50321,1311_50321
conf/vldb/PereiraFLS00,KAW0nLm2wVAJ,1313,50959,1313_50959
conf/sigmod/YangM97,xrTlYcyFKtwJ,1314,44729,1314_44729
conf/vldb/ShahabiFKF00,ln1yHhG7gdgJ,1316,13926,1316_13926
conf/vldb/LudasaherGM00,H4hHa7dQdSAJ,1317,9874,1317_9874
conf/vldb/AdiBEY00,RkjggE7xhN0J,1319,22815,1319_22815
conf/sigmod/LivnyRBCDLMW97a,vshQbbpnQiUJ,1322,8497,1322_8497
conf/sigmod/HanKS97,nD_Yjp9TNuIJ,1324,27415,1324_27415
conf/sigmod/RafieiM97,N-kEDX56ek0J,1325,57747,1325_57747
conf/vldb/CarusoCGLM00,1Xo59nOfVKoJ,1326,18352,1326_18352
conf/vldb/HelalL00,LPapCvY4RFkJ,1328,26833,1328_26833
conf/vldb/DiligentiCLGG00,XCP3p-Hk8bMJ,1329,55524,1329_55524
conf/vldb/RisheYACLMVSV00,0WYMHga_bt4J,1331,54207,1331_54207
conf/vldb/PedersenJD00,bSRLP5_ErFMJ,1334,63775,1334_63775
conf/vldb/GuPS00,mRWLGqueLNsJ,1335,56890,1335_56890
conf/sigmod/PatelYKTNBHRLEKGDN97,0inuMFZSQ50J,1336,45735,1336_45735
conf/sigmod/GebhardtJJ97,9mbr0dyW1NgJ,1337,41525,1337_41525
conf/vldb/LabioYCGW00, ,1338,52786,1338_52786
conf/vldb/JarkeKL00,6c3XQZ-_HDUJ,1339,15088,1339_15088
conf/sigmod/BozkayaO97,gIZvbo_lu2IJ,1340,27049,1340_27049
conf/sigmod/AgrawalASY97,bDiNQAdf8nEJ,1342,57453,1342_57453
conf/sigmod/AgrawalASY97,3nxl8d4c0t4J,1342,17756,1342_17756
conf/vldb/SakuraiYUK00,K2xCMgImpVkJ,1343,10846,1343_10846
conf/sigmod/LlirbatFS97,hJiwQ2CQRBkJ,1344,61969,1344_61969
conf/vldb/JiangSLB00,eZwzDZ7QhzoJ,1345,63064,1345_63064
conf/sigmod/WodtkeWWDM97,tnXqwH3BXW0J,1348,44332,1348_44332
conf/vldb/KriegelPS00,VSQ0v1UlIvoJ,1351,26143,1351_26143
conf/sigmod/SeshadriP97,f9POLlECN2gJ,1352,25875,1352_25875
conf/sigmod/Blakeley96,jQ6eIao6R0EJ,1353,33266,1353_33266
conf/vldb/PfoserJT00,0IeLWfNYZEYJ,1354,11988,1354_11988
conf/sigmod/OzdenRSS96, ,1355,6952,1355_6952
conf/vldb/KoudasIM00,VSR4PwHmGWsJ,1356,47914,1356_47914
conf/vldb/RamasamyPNK00,wR0R0jS5J6oJ,1358,43584,1358_43584
conf/sigmod/SimmenSM96,XVP8s4K0Bg4J,1359,31509,1359_31509
conf/sigmod/TomasicABKNR97,6CpWnsUqJNIJ,1361,11527,1361_11527
conf/sigmod/TomasicABKNR97,_fF5I-bkUSQJ,1361,9038,1361_9038
conf/vldb/JohnsonA00,EPVkQkFM2osJ,1362,26377,1362_26377
conf/vldb/DiaoLCT00,lzbvXZxLKJIJ,1363,1875,1363_1875
conf/vldb/Sarawagi00,z5DmAoBjsjAJ,1365,3912,1365_3912
conf/vldb/SrinivasanDFCJYKTDB00,RmyORCW6qn8J,1367,54671,1367_54671
conf/vldb/RamsakMFZEB00,4fN0QEu0KeAJ,1372,62483,1372_62483
conf/sigmod/LabioZWGGW97,uzpyy9XRpgYJ,1374,11627,1374_11627
conf/sigmod/LabioZWGGW97,Hxnlcwm_RhMJ,1374,9144,1374_9144
conf/vldb/MendelzonV00,AQLsLBctUI4J,1375,43263,1375_43263
conf/vldb/ChoG00,9MI4jOOqkn4J,1377,50149,1377_50149
conf/vldb/BalminPP00,FoAVdcYe0tsJ,1379,30868,1379_30868
conf/vldb/GantiLR00,V7byawkFcZMJ,1384,53120,1384_53120
conf/vldb/OlstonW00,R_hYW6eIUuYJ,1385,21535,1385_21535
conf/sigmod/AtzeniT97,i2LI1TWifbYJ,1386,57338,1386_57338
conf/vldb/GrumbachRS00,iQ3Zi3crc9wJ,1388,25470,1388_25470
conf/vldb/MillerHH00,Rqg_slyUMYMJ,1389,20341,1389_20341
conf/vldb/ChakrabartiM00,7P1LlDStRGYJ,1392,40174,1392_40174
conf/vldb/LakshmananJN00,1n7AY641YyAJ,1394,23770,1394_23770
conf/vldb/WangHH00,qbxHq9qXVrUJ,1395,28699,1395_28699
conf/vldb/ChaudhuriW00,OuM0E0BhEXIJ,1397,705,1397_705
conf/sigmod/KatayamaS97,GPEkH-UohLYJ,1398,17547,1398_17547
conf/vldb/ChristopheBPV00,8DRB_dYz2CgJ,1400,9720,1400_9720
conf/vldb/Taylor00,Af_4cNCu3MwJ,1401,11310,1401_11310
conf/sigmod/GuptaHR97,pGix0qZ6Uz4J,1402,41751,1402_41751
conf/vldb/SchaeferBBJ00,url:http://portal.acm.org/citation.cfm%3Fid%3D645926.671845,1406,6239,1406_6239
conf/sigmod/GeorgeH97,Ah9B3bWU0jEJ,1408,37771,1408_37771
conf/vldb/LakshmananSS99,H5bVePnEohQJ,1409,34604,1409_34604
conf/sigmod/GrayHOS96,dRwl6kpDBjEJ,1410,27733,1410_27733
conf/vldb/JaedickeM99,zh6yaOX2xiQJ,1413,42791,1413_42791
conf/vldb/LeeL99,szHsyFiOuwAJ,1416,36444,1416_36444
conf/vldb/GionisIM99,A8rGBQif7MIJ,1418,57168,1418_57168
conf/vldb/KeimH99,28GZ8M1ZPVYJ,1419,46314,1419_46314
conf/sigmod/ZhangRL96,hk9P76dJfcAJ,1420,37933,1420_37933
conf/sigmod/AchyutuniON96,eRSkDzxP1JcJ,1423,13298,1423_13298
conf/vldb/JagadishLS99,5d1R2mD-7MkJ,1424,2182,1424_2182
conf/vldb/ShanmugasundaramGTZDN99,GIlUG9H3gUUJ,1425,30895,1425_30895
conf/sigmod/VanceM96,CMMaMlYwgPkJ,1426,36364,1426_36364
conf/vldb/Johnson99,B3PwhNu8Y6IJ,1427,11953,1427_11953
conf/vldb/McHughW99,bXRF6rASxhgJ,1431,60361,1431_60361
conf/sigmod/GoelI96,hD6w1eBfjWcJ,1432,23246,1432_23246
conf/vldb/DonjerkovicR99,Eq1w4LPv_igJ,1433,60504,1433_60504
conf/vldb/JagadishKNS99,W8O7pgTYGTYJ,1435,64193,1435_64193
conf/vldb/BrodieC99,80T8-ddj8OsJ,1441,16366,1441_16366
conf/sigmod/Keim96,AF9vuEJOr6cJ,1442,35328,1442_35328
conf/vldb/Hamilton99,_zPTedzhFhQJ,1443,49974,1443_49974
conf/sigmod/Han96,DlQd7WIkVF0J,1444,43258,1444_43258
conf/vldb/Pound99,zWp_JdEQ8MgJ,1446,44542,1446_44542
conf/vldb/GarofalakisRS99,Xm3ygCvkmN8J,1448,49793,1448_49793
conf/sigmod/ChawatheRGW96,ilCT5UFnHxgJ,1451,26211,1451_26211
conf/vldb/Campbell99,m1eeQnYWL0oJ,1452,41083,1452_41083
conf/vldb/Graefe99,3m-KKBVF8KkJ,1453,57952,1453_57952
conf/sigmod/BunemanDHS96,rNVPCLfguuMJ,1454,16987,1454_16987
conf/vldb/DarmontS99,Ebi8v9FZXcgJ,1455,63379,1455_63379
conf/sigmod/NguyenS96,Cd4NNuZnIn8J,1456,55347,1456_55347
conf/vldb/AcharyaGP99,-7tsGpHin24J,1459,45718,1459_45718
conf/vldb/Mohan99,4N472VSotmMJ,1461,18981,1461_18981
conf/sigmod/SeshadriHPLRSSS96,3OxZS395vDcJ,1462,62983,1462_62983
conf/vldb/TanGO99,CcTZvs8xd2sJ,1463,31650,1463_31650
conf/sigmod/ColbyGLMT96,MgphE2z3NqYJ,1464,43936,1464_43936
conf/sigmod/LibkinMW96,OfZWx8jhQvwJ,1466,52060,1466_52060
conf/vldb/KoudasMJ99,dRemTC899xcJ,1467,11515,1467_11515
conf/sigmod/Agarwal96,ALk7huiKjWAJ,1468,34735,1468_34735
conf/vldb/IoannidisP99,umrivnVIoj0J,1469,50109,1469_50109
conf/sigmod/GangulyGMS96,05ZgvGyhSC0J,1470,6450,1470_6450
conf/vldb/JagadishMN99,RPWDtUmq6_QJ,1471,6608,1471_6608
conf/sigmod/KrishnanVI96,8tFA4ENYqKQJ,1472,61368,1472_61368
conf/sigmod/ShatdalN95,nbU59lK7JJYJ,1473,49229,1473_49229
conf/vldb/PedersenJD99,sAUncbolYJ8J,1474,58255,1474_58255
conf/vldb/LiRS99,Bf44yXvb6EAJ,1475,38330,1475_38330
conf/sigmod/Freeston95,Fr8CPbK-IFIJ,1476,7206,1476_7206
conf/vldb/KumarRRT99,fJn_2E8aihYJ,1477,28948,1477_28948
conf/sigmod/AdyaGLM95,bfcbZlt6vngJ,1478,15075,1478_15075
conf/vldb/CeriFP99,8OrOAQnaveIJ,1479,63010,1479_63010
conf/vldb/DattaRT99,gckQTLQjsj8J,1482,46088,1482_46088
conf/sigmod/RundensteinerKRCJM96,UEaXoXn3DicJ,1484,12800,1484_12800
conf/vldb/Kornacker99,aOmma8tnFKIJ,1486,32382,1486_32382
conf/vldb/ChanI99,QV20-69j6YYJ,1488,1841,1488_1841
conf/sigmod/ChooOLCGBPS96,WrrEnOJswS4J,1489,10758,1489_10758
conf/vldb/KonigW99,6HMffRHCspAJ,1490,12850,1490_12850
conf/vldb/ChaudhuriG99,l-Sn0enuHxkJ,1492,52148,1492_52148
conf/vldb/ChakrabartiBD99,zmBMRUNv8sQJ,1494,34862,1494_34862
conf/vldb/WangZL99,9PJWqPPVlQwJ,1496,23460,1496_23460
conf/vldb/RothOH99,c-Kalb26vykJ,1500,38607,1500_38607
conf/vldb/NinkHR99,tZBIZ9ZHdTkJ,1501,34904,1501_34904
conf/vldb/ChenCFGJMTW99,Hq3W65us8dkJ,1503,22103,1503_22103
conf/vldb/KnorrN99,7lkCBMe603kJ,1506,57874,1506_57874
conf/vldb/JermaineDO99,eawaEzvWj4gJ,1507,35552,1507_35552
conf/sigmod/CherniackZ96,ZsHfcZJwFQQJ,1509,30912,1509_30912
conf/vldb/TamuraK99,rAHGAfoqookJ,1510,57988,1510_57988
conf/vldb/BamfordAP99,2y9m1qzVu4EJ,1511,33145,1511_33145
conf/sigmod/HellersteinN96,_hDCldPyum0J,1512,10615,1512_10615
conf/sigmod/CookKWZ96,5MTgNlhnyTgJ,1513,38231,1513_38231
conf/vldb/BernsteinPS99,JcHiZlbsts0J,1514,3986,1514_3986
conf/vldb/GohOST99,hK5EOo-Z7JMJ,1516,11825,1516_11825
conf/sigmod/Tajima96,IZSzLlgi8tUJ,1518,2697,1518_2697
conf/sigmod/GarofalakisI96,MfPbk62EdyQJ,1520,49521,1520_49521
conf/sigmod/LiskovACDGGMMS96,Ey7Mbh6IdQIJ,1521,24773,1521_24773
conf/vldb/RaoR99,tv4rTR2Z-I8J,1522,53416,1522_53416
conf/vldb/Chawathe99,1-mxxSvIMB8J,1523,5017,1523_5017
conf/sigmod/PoosalaIHS96,hHGQKstQ2PQJ,1525,49628,1525_49628
conf/sigmod/DohertyHR96,v3IA8Go4UjIJ,1528,27851,1528_27851
conf/vldb/AbiteboulACEMM99,OYOTbj4m7JYJ,1530,30605,1530_30605
conf/vldb/VorugantiOU99,ItOlYY7ITt0J,1532,36962,1532_36962
conf/sigmod/HarinarayanRU96, ,1533,63613,1533_63613
conf/sigmod/HarinarayanRU96,QHUtoLECZzgJ,1533,35094,1533_35094
conf/vldb/PitouraC99,6VU-VxcDsFsJ,1534,10012,1534_10012
conf/vldb/PacittMS99,jJyGKE2N34gJ,1535,20465,1535_20465
conf/sigmod/GuptaMR95,ELtcV7mOQDgJ,1538,61588,1538_61588
conf/vldb/RezendeS98,niRuvMkp4r4J,1539,33572,1539_33572
conf/vldb/VenkataramanZ98,KrAyBSajhZEJ,1541,24871,1541_24871
conf/vldb/BaulierBKS98,dNK16sHm9eUJ,1543,8359,1543_8359
conf/sigmod/DavisonG95,96SrVGnDmMoJ,1545,13460,1545_13460
conf/vldb/BamfordBKM98,rfuptELfgLkJ,1546,63802,1546_63802
conf/vldb/JoshiBLL98,RufEbUPZNbYJ,1547,52349,1547_52349
conf/sigmod/AdelbergGK95,NbLabaGWoh4J,1548,40085,1548_40085
conf/sigmod/IoannidisP95,bv21uJEzUwAJ,1549,42526,1549_42526
conf/vldb/Vieille98,nlyEH7GkrjoJ,1550,13240,1550_13240
conf/vldb/DarEGP98,D6gxih90YU4J,1551,18217,1551_18217
conf/vldb/GarofalakisIO98,ReV4xpbiC6EJ,1553,50826,1553_50826
conf/sigmod/BrinDG95,7mNCkZ7D-R8J,1554,24319,1554_24319
conf/vldb/JohnsonM98,eFynrwKK_T0J,1555,54756,1555_54756
conf/vldb/AbiteboulMRVW98,CDQHFdIK_cwJ,1557,27886,1557_27886
conf/vldb/GoldmanSVG98,pweOUtA2iTAJ,1559,14895,1559_14895
conf/sigmod/LuMSS95,Kk87yanaI1AJ,1560,45260,1560_45260
conf/vldb/Shaw98,sZZVwXivu-kJ,1562,63843,1562_63843
conf/sigmod/Hope95,w3Aykr4vDVwJ,1565,60915,1565_60915
conf/vldb/Mihalisin98,FuzSLPzjrokJ,1566,22712,1566_22712
conf/vldb/George98,xACnzf6RhVwJ,1567,51694,1567_51694
conf/vldb/GrovlenHT98,xjVz8hIW-8sJ,1570,18758,1570_18758
conf/sigmod/BaruFGHJPW95,C60KJG_xVm0J,1571,61430,1571_61430
conf/vldb/CareyK98,MCuFKbwcWIIJ,1574,9394,1574_9394
conf/sigmod/Olson95,nJycrIdh5E4J,1575,10765,1575_10765
conf/vldb/LinR98,9qhYcGzQxC4J,1576,22968,1576_22968
conf/sigmod/MoleskyR95,u03oQbB0y-oJ,1577,21461,1577_21461
conf/vldb/MiloZ98,Nd7-CTB1lRgJ,1583,50694,1583_50694
conf/vldb/GarciaLL98,5MO7a6e0-GQJ,1586,30306,1586_30306
conf/vldb/BliujuteJSS98,oBpe7jg0YHYJ,1587,38984,1587_38984
conf/sigmod/FegarasM95,LSWVPfB8TC4J,1589,50777,1589_50777
conf/vldb/JagadishKMPSS98,0iiNS8BIbsUJ,1590,45955,1590_45955
conf/vldb/EsterKSWX98,MC7KlhmEQt8J,1592,30438,1592_30438
conf/vldb/CherniackZ98,So_H9Oer6lsJ,1593,29801,1593_29801
conf/vldb/NipplM98,C5jVmNqIE4IJ,1596,23474,1596_23474
conf/vldb/AnkerstBKS98,DbLGmJX7UJ8J,1597,50956,1597_50956
conf/sigmod/WilschutFA95,vgoFTdXYHZ0J,1598,43711,1598_43711
conf/sigmod/BettiniWBJ95,c57d3rgd3IcJ,1601,26795,1601_26795
conf/vldb/RamanRH99,6uP3E_WEkCAJ,1603,27691,1603_27691
conf/vldb/ZirintsisKM99,_UYteGcmBKIJ,1605,58151,1605_58151
conf/sigmod/DuSD95,Vl7gY6FsOOYJ,1606,6214,1606_6214
conf/vldb/Dayal99,url:http://portal.acm.org/citation.cfm%3Fid%3D645925.671502,1607,7276,1607_7276
conf/sigmod/SistlaW95,KO3FcQ57_rkJ,1608,16492,1608_16492
conf/vldb/FuhDCMTLDRM99,nh2FuiC6fHgJ,1611,32440,1611_32440
conf/vldb/ChengGKLLQS99,p4Q8x9UmngkJ,1614,9694,1614_9694
conf/vldb/FlorescuLSY99,aUElZKC-txIJ,1615,9637,1615_9637
conf/sigmod/ChaudhuriDY95,aaQEdfkjWN8J,1617,13857,1617_13857
conf/vldb/MengLYWCR98,EcpPzbn2EaIJ,1618,5636,1618_5636
conf/vldb/Tygar98,kKwsIC5HmsUJ,1620,44853,1620_44853
conf/vldb/GraefeBC98,v-kvo2hnsgkJ,1624,38052,1624_38052
conf/vldb/BaumannDFRW99,OV-zNC5uzHUJ,1626,28746,1626_28746
conf/vldb/AbiteboulAAACHHMMMMSTV99,zHCrzBCoweAJ,1627,19448,1627_19448
conf/vldb/BouganimCDDGS99,Ult4nmnmJp8J,1631,33748,1631_33748
conf/sigmod/Golding95,uJj9OgotYeEJ,1635,37892,1635_37892
conf/vldb/OoiGT98,LJdSx1Di81MJ,1636,7190,1636_7190
conf/vldb/MorimotoFMTY98,31YuS02mFq8J,1637,57395,1637_57395
conf/sigmod/Shyy95,OjZoGJLFGqIJ,1638,46454,1638_46454
conf/vldb/KnorrN98,gQVLY8V1hekJ,1640,30348,1640_30348
conf/vldb/Ganguly98,a8cB2S6Td-sJ,1642,2567,1642_2567
conf/vldb/ShivakumarGC98,GHz2PmQwW2UJ,1643,30159,1643_30159
conf/vldb/Greco98,CCr8CUlHeNsJ,1645,50896,1645_50896
conf/vldb/FangSGMU98,MdwCZg0RBHYJ,1648,60387,1648_60387
conf/vldb/Amer-YahiaCD98,9nmG2KCklEcJ,1649,35285,1649_35285
conf/vldb/PapadiasMD98,7vbPCi-dbawJ,1652,43288,1652_43288
conf/vldb/ZimbraoS98,1KckBFVfgyMJ,1653,45344,1653_45344
conf/vldb/CarinoJ98,LF2aUSIWko4J,1655,24994,1655_24994
conf/vldb/OzsuVU98,WAivXgeI8vIJ,1657,39223,1657_39223
conf/vldb/MuthOPW98,cy0zVqmNba4J,1660,47061,1660_47061
conf/vldb/Garcia-MolinaLY98,lWVWAhlsyYYJ,1662,3407,1662_3407
conf/vldb/ZhangL98,ZjHAEBJYahAJ,1664,28658,1664_28658
conf/vldb/ChaudhuriN97,hAqEljGAcFsJ,1665,26070,1665_26070
conf/vldb/YangKL97,qN1APPIGZMMJ,1668,24547,1668_24547
conf/vldb/TheodoratosS97,CVUC4Rc5JU8J,1669,11152,1669_11152
conf/sigmod/ShklarSKT95,4IaWCBK6dMQJ,1670,1595,1670_1595
conf/vldb/RossS97, ,1671,8422,1671_8422
conf/vldb/RothS97,1fQr1rJ4yCwJ,1675,32249,1675_32249
conf/vldb/VassalosP97,kG-k9420fGMJ,1678,17227,1678_17227
conf/vldb/SkubiszewskiV97,MJAw_2C6ErAJ,1682,40899,1682_40899
conf/vldb/AlsabtiRS97,nqOZsUydoQkJ,1684,17350,1684_17350
conf/vldb/EicklerKK97,PCFJuVxYxtwJ,1685,23797,1685_23797
conf/vldb/StathatosRB97,JH2hiRXPJcEJ,1687,15822,1687_15822
conf/vldb/BerckenSW97,w90oK0t46SAJ,1689,10271,1689_10271
conf/vldb/HelmerM97,xsh0C_nCllsJ,1691,58162,1691_58162
conf/vldb/ZhangL97,QGopit06CLEJ,1693,49620,1693_49620
conf/sigmod/HammerGIPUW95,ylzKvQxmX7cJ,1694,32547,1694_32547
conf/vldb/AshwinRSSS97,5VcKjo7jBOMJ,1695,35408,1695_35408
conf/sigmod/GibbsBT94,iS9rQqelSjMJ,1697,12108,1697_12108
conf/vldb/ChatziantoniouR97,Xx-pSjq7Mv8J,1699,44218,1699_44218
conf/sigmod/MohanN94,_2hj6snS3foJ,1702,33297,1702_33297
conf/vldb/GoldmanW97,3zf3WSt0B6UJ,1704,56416,1704_56416
conf/vldb/BaumannFRW97,7BgXVuviUvoJ,1706,44713,1706_44713
conf/sigmod/BilirisDGJR94,3Lzo6p8X-n4J,1707,41711,1707_41711
conf/vldb/WhiteheadSM97,CiYPfP3-5_kJ,1708,53906,1708_53906
conf/vldb/ChangG97,2SYiXa0vGN4J,1709,54007,1709_54007
conf/sigmod/HuangSW94,5Chw6HN64vEJ,1711,46140,1711_46140
conf/vldb/SeidlK97,LZGFMX7pdCkJ,1712,19181,1712_19181
conf/vldb/MalonM97,ogRpbFNQTSkJ,1714,22477,1714_22477
conf/vldb/KumarKA97,EhTWppk6No8J,1716,19034,1716_19034
conf/sigmod/KrollW94,zd_8s13rNRoJ,1717,4109,1717_4109
conf/vldb/GinisHKMT97,GBVvAWWCTcgJ,1718,4869,1718_4869
conf/vldb/AlonsoHST97,iRJV85kKVgwJ,1719,9026,1719_9026
conf/sigmod/ChristophidesACS94,dGbuUkhWNhMJ,1720,29244,1720_29244
conf/vldb/BernsteinHSSZ97,L2c8XblCSicJ,1722,16704,1722_16704
conf/sigmod/VingralekBW94,rM8Ecg1WL4kJ,1723,12325,1723_12325
conf/vldb/SellisRF97,moT0ba0vRKcJ,1724,22169,1724_22169
conf/sigmod/ChenR94,4Hhh-d__bksJ,1725,56123,1725_56123
conf/vldb/WildfogelY97,uqYakLN84x0J,1726,57577,1726_57577
conf/vldb/Jacobs97,U-98tPsJi6EJ,1727,11828,1727_11828
conf/sigmod/BilirisP94,KYhmilHkq_IJ,1731,56704,1731_56704
conf/vldb/RamaswamyMS98,WTYQ40Rn_tUJ,1732,2444,1732_2444
conf/vldb/SheikholeslamiCZ98,btydMRJMBqoJ,1733,15269,1733_15269
conf/sigmod/Jagadish94,eH69_dCm18wJ,1734,58460,1734_58460
conf/vldb/Moerkotte98,HcCevkoobDsJ,1738,53190,1738_53190
conf/sigmod/DarR94,TtV6gGLQ9NMJ,1740,36637,1740_36637
conf/vldb/ZouS98,fPzfCbyzqsoJ,1741,32829,1741_32829
conf/sigmod/Vaskevitch94,cr7xWKidCnYJ,1742,46791,1742_46791
conf/vldb/ShuklaDN98,1eCp1f8DhasJ,1744,59480,1744_59480
conf/sigmod/GravanoGT94,H6fWl-cSuY4J,1745,31684,1745_31684
conf/vldb/KornLKF98,ewsBMN0qVa4J,1746,16617,1746_16617
conf/sigmod/MumickP94,hUQBQ_9ohcgJ,1747,41384,1747_41384
conf/vldb/ArgePRSV98,H-AQePr2evUJ,1748,3320,1748_3320
conf/vldb/ChakrabartiSD98,wnke8ff8hYUJ,1749,33150,1749_33150
conf/sigmod/IoannidisL94,dDHNsS9sisEJ,1751,14345,1751_14345
conf/vldb/Slutz98,1blbGQk5ZpUJ,1756,52331,1756_52331
conf/vldb/DoDJJR98,69kmXg9nRZkJ,1757,478,1757_478
conf/sigmod/BersonGMJ94,bw_c9Mk0_7IJ,1758,29208,1758_29208
conf/vldb/BonczRK98,ts5vu2eNQgYJ,1760,59606,1760_59606
conf/vldb/Sterling98,LlP2Fn3bzUMJ,1761,12717,1761_12717
conf/sigmod/GraySEBW94,SG9kpHg_arUJ,1762,18004,1762_18004
conf/vldb/FankhauserGLMT98,JnwUAxUMwvQJ,1763,31521,1763_31521
conf/sigmod/DewanSHH94,GUdXGx4blW8J,1764,56494,1764_56494
conf/vldb/BelloDDFNSWZ98,zrMFWOX1h2MJ,1765,40459,1765_40459
conf/sigmod/TomasicGS94,kRHYZELNeoIJ,1766,34408,1766_34408
conf/vldb/ArunJ98,1dqeMksCm74J,1767,4308,1767_4308
conf/sigmod/HsiaoCY94,LEi_Rzm1iH0J,1769,24024,1769_24024
conf/vldb/CarinoO98,lDNAWc5SrmIJ,1772,31862,1772_31862
conf/vldb/Orenstein98,VfWJDzGt9JYJ,1777,37601,1777_37601
conf/vldb/RoussopoulosK98,Mg0A5yz-_wYJ,1779,45161,1779_45161
conf/sigmod/McIverK94,LMV_K5t2am0J,1781,40530,1781_40530
conf/vldb/SchieferKBLF98,1LATgSt5o_EJ,1782,53452,1782_53452
conf/vldb/Pogue98,bYLjqg3pPNgJ,1788,10913,1788_10913
conf/vldb/MaratheS97,vBUROMKYmQYJ,1789,55613,1789_55613
conf/sigmod/CookWZ94,LiIWlw3oNgUJ,1792,47843,1792_47843
conf/vldb/GardarinGT96,4NKqwzC5A_wJ,1793,59807,1793_59807
conf/sigmod/Englert94,KOpz_NXJ3WUJ,1794,38348,1794_38348
conf/vldb/BouganimFV96,TiffIV1Y6AMJ,1795,55717,1795_55717
conf/sigmod/Fernandez94,PmrthJYk66cJ,1796,47118,1796_47118
conf/vldb/AcharyaFZ96,ccEW59Ac84MJ,1797,20333,1797_20333
conf/vldb/GardarinST96,OHR5iQWPuyYJ,1800,45905,1800_45905
conf/vldb/SrivastavaDJL96,01ZVDudF4WAJ,1801,28537,1801_28537
conf/sigmod/FlokstraKS94,_uAjDh22Y_EJ,1802,21350,1802_21350
conf/vldb/DiwanRSS96,HjDa9on7LzoJ,1803,17078,1803_17078
conf/sigmod/Melling94,j4O-xhs1QAgJ,1805,36285,1805_36285
conf/vldb/KornSFSP96,QjbxSG6_-WIJ,1806,24069,1806_24069
conf/vldb/ViverosNR96,YWG9plUEbigJ,1808,58066,1808_58066
conf/vldb/MeoPC96,Opm5VlTzQTAJ,1814,54073,1814_54073
conf/vldb/FukudaMMT96,B8_0dK37qcsJ,1816,27304,1816_27304
conf/vldb/LabioG96,nsN_2BnT_mMJ,1818,56331,1818_56331
conf/vldb/LabioG96,B3unqvqyJrMJ,1818,53888,1818_53888
conf/vldb/McKennaBHT96,0tZaTV3W05wJ,1819,55678,1819_55678
conf/sigmod/Kim94,GzJII5F7OzAJ,1820,53272,1820_53272
conf/vldb/SevcikK96,GiHrMj3vbSAJ,1821,43512,1821_43512
conf/sigmod/LaursenOP94,fTbCV3Lh8W0J,1822,24277,1822_24277
conf/sigmod/Kulkarni94,eN_4FTimCKYJ,1823,17013,1823_17013
conf/vldb/FaloutsosG96,vwcVawlOJn0J,1824,20899,1824_20899
conf/vldb/SeshadriLR96, ,1825,13461,1825_13461
conf/vldb/StaudtJ96,6moFnThDHW0J,1829,25283,1829_25283
journals/sigmod/BonnetBDL03,aovCRhocZUcJ,1835,1185,1835_1185
conf/vldb/CareyD96,5xe-dQqXfI8J,1836,18715,1836_18715
journals/sigmod/Snodgrass03c,url:http://portal.acm.org/ft_gateway.cfm%3Fid%3D959062%26type%3Dpdf%26dl%3DGUIDE%26dl%3DACM%26CFID%3D11111111%26CFTOKEN%3D2222222,1837,45364,1837_45364
conf/vldb/Hess96,Gia7489k5t4J,1839,14141,1839_14141
conf/vldb/Mohan96,wYwNJy4GsEYJ,1843,7541,1843_7541
conf/vldb/Moni96,gbjXwFztQTsJ,1845,62845,1845_62845
conf/vldb/Sheth96,xoD5vxZQJ8AJ,1848,60167,1848_60167
conf/vldb/Klots96,dTORuW_9YRoJ,1849,52884,1849_52884
conf/sigmod/CatarciS94,ga4l4QhCXU4J,1850,19438,1850_19438
conf/vldb/Padmanabhan96,1IjlMvLBFC0J,1851,43048,1851_43048
conf/vldb/LeeL96,tuVp_18tFv8J,1854,17505,1854_17505
conf/vldb/PoosalaI96,NTlGMs3lqNEJ,1855,59185,1855_59185
conf/vldb/AtzeniMM97,sARbiNQPPWQJ,1858,19470,1858_19470
conf/vldb/FlorescuKLP97, ,1860,49279,1860_49279
conf/vldb/ChristodoulakisTZ97,lojHMj5xWEwJ,1864,5238,1864_5238
conf/vldb/ShaferA97,O4UcgdEM7vYJ,1868,32419,1868_32419
conf/vldb/WangYM97,hcYKj7CHbWYJ,1869,37131,1869_37131
conf/vldb/GravanoG97,CduLyvAaxVsJ,1872,13996,1872_13996
conf/vldb/SeshadriLR97,kIzNmOrszKoJ,1874,2475,1874_2475
journals/sigmod/PalpanasPKG03,KQ6elbYA84QJ,1876,55168,1876_55168
conf/vldb/BohannonLRSSS97,Vj1kbPjzSHwJ,1877,27521,1877_27521
conf/vldb/BohannonLRSSS97,GzK2N5eQ0pQJ,1877,27105,1877_27105
conf/vldb/JagadishNSSK97,FzUYum7hqhQJ,1881,30223,1881_30223
journals/sigmod/Mani03,FgLCpqaf8C8J,1883,8091,1883_8091
conf/vldb/Huyn97,9OYLimeDdj0J,1884,50457,1884_50457
conf/vldb/FaloutsosJS97,u_9qWSpjaO4J,1885,48034,1885_48034
conf/vldb/Jamil97,tLpAE7ZSkLsJ,1887,63246,1887_63246
journals/sigmod/PitouraAPSV03,hn2MANNgz9sJ,1889,40658,1889_40658
conf/vldb/KietzRS97,L4k3lAWc-JgJ,1890,1009,1890_1009
conf/vldb/BridgeJKLLM97,JO9Jnx_gGIUJ,1894,37083,1894_37083
conf/vldb/PoosalaI97,negC_a7QQnMJ,1897,52332,1897_52332
conf/vldb/ChavdaW97,E9AsPVyCDlMJ,1899,20716,1899_20716
conf/vldb/DesslochM97,CjtIFow-OWcJ,1902,40817,1902_40817
conf/vldb/GarofalakisOS97,dW_pRNemQfsJ,1903,18246,1903_18246
conf/vldb/HuangJR97,nBHS2BTx-GkJ,1905,3927,1905_3927
conf/vldb/PellenkoftLK97,793XPMTdcBEJ,1907,58936,1907_58936
conf/vldb/ChakrabartiDAR97,QyBDbs7EpmsJ,1909,16865,1909_16865
conf/vldb/CiacciaPZ97,cnDPbkX4F2cJ,1912,25003,1912_25003
conf/vldb/HaasKWY97,U09WdB3GIK4J,1913,12014,1913_12014
conf/vldb/ClaussenKMP97,EyTvjJCb5WkJ,1920,38536,1920_38536
conf/vldb/EicklerGK95,63QhLG57QssJ,1921,2166,1921_2166
conf/vldb/AmsalegFG95,-9bXTTM_M4cJ,1923,13600,1923_13600
journals/sigmod/JukicNV03,eR43Urfx-hcJ,1924,48802,1924_48802
conf/vldb/Bayer95,W3l3pQ62_YMJ,1926,51699,1926_51699
conf/vldb/Madnick95,CVQyvLe8w38J,1928,60166,1928_60166
conf/vldb/ChenRS95,4TMZhO1wdwsJ,1929,30139,1929_30139
conf/vldb/KornackerB95,IN_sibgHb9MJ,1932,54559,1932_54559
conf/vldb/YanG95,lr_Kq9SZLY8J,1933,56023,1933_56023
conf/vldb/GravanoG95,4HVB6aRvsk8J,1936,62615,1936_62615
conf/vldb/Sullivan96,zGRQ_2im_9MJ,1938,26566,1938_26566
conf/vldb/Celis96,Bg5vcyRBKd8J,1941,19328,1941_19328
conf/vldb/Sacks-Davis96,GkINzG_IffAJ,1950,34154,1950_34154
conf/vldb/RahmM95,6ioboOxJvQIJ,1958,46315,1958_46315
conf/vldb/BassiliadesV95,url:http://portal.acm.org/citation.cfm%3Fid%3D673137,1960,35781,1960_35781
conf/vldb/CabreraRH95,x3WHLHvq-SEJ,1962,63516,1962_63516
journals/sigmod/Nascimento03,url:http://portal.acm.org/citation.cfm%3Fid%3D776985.776996%26dl%3Dportal%26dl%3DACM%26idx%3D776985%26part%3Dperiodical%26WantType%3Dperiodical%26title%3DACM%2520SIGMOD%2520Record%26CFID%3D11111111%26CFTOKEN%3D2222222,1963,31317,1963_31317
conf/vldb/HellersteinNP95,AC19Z_yOCTUJ,1964,26596,1964_26596
conf/vldb/MillinerBP95,kYl-9cV8gloJ,1966,9247,1966_9247
conf/vldb/AgrawalLSS95,Y799jSppkKEJ,1967,1534,1967_1534
journals/sigmod/CaleroPR03,zWoRcQffsq8J,1968,37598,1968_37598
conf/vldb/HasanM95, ,1970,39815,1970_39815
conf/vldb/BargaP95,Rp6i1uA3RYQJ,1974,61054,1974_61054
conf/vldb/BunemanDHOW95,95LnCs7V35YJ,1975,30428,1975_30428
journals/sigmod/GolabO03,lC5GjK5OpD0J,1976,28512,1976_28512
conf/vldb/GuptaHQ95,VCSbj6MwKlgJ,1978,16905,1978_16905
conf/vldb/YanL95,VwsS71_KQX8J,1980,47718,1980_47718
conf/vldb/GardarinGT95,uMkO2KGQJwwJ,1982,18456,1982_18456
journals/sigmod/Snodgrass03,m-l6e98xxOsJ,1985,48837,1985_48837
conf/vldb/ChatziantoniouR96,46FVYbhr0WoJ,1987,463,1987_463
conf/vldb/DarFJST96,gkbM-pRDcSwJ,1991,48521,1991_48521
conf/vldb/Suciu96a,tJtSq968rwgJ,1994,44275,1994_44275
conf/vldb/Levy96,lDTPyBMtHVwJ,1996,14,1996_14
conf/vldb/PapakonstantinouAG96,gkbvvgj8kdUJ,1997,13169,1997_13169
journals/sigmod/MarchiLPT03,9dgFU6XaLrwJ,1998,46684,1998_46684
conf/vldb/VermeerA96,bEddMdwB2_4J,2000,44976,2000_44976
conf/vldb/PapadiasZMT03,hJ8VP7FyOL0J,2002,48576,2002_48576
conf/vldb/PottingerB03,Q6pHDaV3sG4J,2003,10775,2003_10775
conf/vldb/HulgeriS03,l5_H15LkpCsJ,2005,4095,2005_4095
conf/vldb/PapadiasTS03,TmcyYF1CNsYJ,2007,60621,2007_60621
conf/vldb/SchindlerAG03,CsWyDorgQF4J,2010,56708,2010_56708
conf/vldb/VieiraM03,sUtdmV9XsIcJ,2011,4092,2011_4092
conf/vldb/ChaudhuriGN03,sAYCyUcugbYJ,2012,656,2012_656
conf/vldb/HaasB03, ,2013,45412,2013_45412
conf/vldb/HelmerNM03,8-HpAN0xpjcJ,2014,41704,2014_41704
conf/vldb/AnciauxBP03,gYELZxhiJx8J,2015,63030,2015_63030
conf/vldb/AnciauxBP03,RLZc9c2-6_oJ,2015,53993,2015_53993
conf/vldb/YuAA03,4bvjebYsdRkJ,2016,40498,2016_40498
conf/vldb/LiuLBHTS03,pAhZKAo7m-sJ,2017,41224,2017_41224
conf/vldb/FlorescuHKLRWCSA03,1KSfxI44iGUJ,2018,46021,2018_46021
conf/vldb/MurthyB03,kHi1YOTBmlkJ,2019,32036,2019_32036
conf/vldb/HageJPST03,xDDdtO9n_pwJ,2020,38213,2020_38213
conf/vldb/AnKR03,Z9dkL1yphh8J,2021,4783,2021_4783
conf/vldb/Galindo-LegariaJWW03,3fCNsAXb9RAJ,2022,23122,2022_23122
conf/vldb/BhattacharjeePMLCH03,PUCW4QzlkmsJ,2023,18305,2023_18305
conf/vldb/MiklauS03,cJUP6vfSm50J,2025,48588,2025_48588
conf/vldb/MeekPK03,cR1ikuFsE1wJ,2026,40708,2026_40708
conf/vldb/BawaBA03,ZjIllDHwkSoJ,2027,63375,2027_63375
conf/vldb/PossP03,DYZlq4rntjwJ,2028,9836,2028_9836
conf/vldb/CarneyCZRCS03,JubkWSUFbbcJ,2029,4249,2029_4249
conf/vldb/HristidisGP03,B2rShDD99xwJ,2030,17048,2030_17048
conf/vldb/GalanisWJD03,JvthmGX_uoQJ,2031,18399,2031_18399
conf/vldb/Jermaine03,393ZqH9szo0J,2032,41568,2032_41568
conf/vldb/TorloneA03,v6kudD3ItEoJ,2033,29648,2033_29648
conf/vldb/BalminHKPSW03,8xRHvInl0_0J,2037,62110,2037_62110
conf/vldb/AbiteboulBBCCDMMP03,fANcvlGA8WAJ,2039,42832,2039_42832
conf/vldb/MengLLA03,_dOpWA3QWOEJ,2040,18598,2040_18598
conf/vldb/BergerBSW03,kADCX48-o5IJ,2041,6899,2041_6899
conf/vldb/Brodie03,deEJ1JsF8RwJ,2042,13308,2042_13308
conf/vldb/Cluet03,faRBjw1op8YJ,2043,10687,2043_10687
conf/vldb/KerstenWFKBC03,Ub6YwssjyiYJ,2044,55416,2044_55416
conf/vldb/Leymann03,url:http://www.vldb.org/conf/2003/papers/S32P01.pdf,2047,7054,2047_7054
conf/vldb/NathDKGKS03,pF6EW_yKYyYJ,2051,25304,2051_25304
conf/vldb/Baumann03,pJ2UEKVG_hoJ,2052,47502,2052_47502
conf/vldb/SattlerGS03,7y1DNkciIFQJ,2053,11247,2053_11247
conf/vldb/BouganimNPW03,5oXuo8dJ6qAJ,2054,2504,2054_2504
conf/vldb/WangSG03,T1TgIax4zVcJ,2055,17151,2055_17151
conf/vldb/LakshmananPZ03,zbzO-4fuIwUJ,2056,54223,2056_54223
conf/vldb/WangZL03,tbuNzuDUSFYJ,2057,61066,2057_61066
conf/vldb/PetrovicBJ03,nIuz3dc8yHMJ,2062,42301,2062_42301
conf/vldb/NicklasGS03,zApMW7wX5-AJ,2063,17927,2063_17927
conf/vldb/AbiteboulABBNM03,TD1X4Bo-eYsJ,2064,21845,2064_21845
conf/vldb/Mattos03,HeE1NxaX5t8J,2065,41155,2065_41155
conf/vldb/EleftheriouBCDHLPPABDDDGJHLRSVW03,hRToevpkaa0J,2066,24948,2066_24948
conf/vldb/Ioannidis03,jELnwotIy9kJ,2067,53392,2067_53392
conf/vldb/Shenker03,5yETsE57mzgJ,2068,34294,2068_34294
conf/vldb/CohenMKS03,gRoNHWLN1WMJ,2069,52435,2069_52435
conf/vldb/RaghavanG03,ma-ZRYj0pXIJ,2070,58238,2070_58238
conf/vldb/YangLH03,hUMTG7HNlyAJ,2071,13854,2071_13854
conf/vldb/Amer-YahiaFSX03,fcB_7jx0pOMJ,2073,34370,2073_34370
conf/vldb/DeutschT03,qkJ_IyVmLfUJ,2075,59848,2075_59848
conf/vldb/MarianS03,JVvFcEnXBmkJ,2076,61262,2076_61262
conf/vldb/HalversonBKKRTVWND03,oR7DmJ9JJDYJ,2077,50833,2077_50833
conf/vldb/ChenJLP03,BGcx_nZKM4wJ,2078,8694,2078_8694
conf/vldb/DiaoF03,Crt1JZ1eEj0J,2080,5372,2080_5372
conf/vldb/AggarwalHWY03,szlqyCesMpgJ,2081,25380,2081_25380
conf/vldb/TengCY03,wJjaZnzD6pAJ,2082,37196,2082_37196
conf/vldb/YuPM03,ZEEZqsnVCyYJ,2084,49413,2084_49413
conf/vldb/LongS03,zU4MULiFRrYJ,2085,12345,2085_12345
conf/vldb/KochBG03,xCbXlJHLR48J,2086,587,2086_587
conf/vldb/FlescaFM03,LXjSnbxB7EsJ,2087,29595,2087_29595
conf/vldb/ZhouR03,MvbChqWgFawJ,2089,62476,2089_62476
conf/vldb/LabrinidisR03,0GMNedjfVV0J,2090,59361,2090_59361
conf/vldb/ChenL03,WaSgR87oMpcJ,2091,40981,2091_40981
conf/vldb/LimWV03,aPJnWocHLUwJ,2092,35980,2092_35980
conf/vldb/ZhouS03,NlDvk5J0WwEJ,2093,13120,2093_13120
conf/vldb/ShiSZ03, ,2094,7679,2094_7679
conf/vldb/HinneburgLH03,xC2efRb-WrQJ,2095,53634,2095_53634
conf/vldb/HankinsP03,NsxXW_CvQpkJ,2096,50205,2096_50205
conf/vldb/TatbulCZCS03,TAsynkdIAfwJ,2097,40789,2097_40789
conf/vldb/ViglasNB03,GGX9LS25OhwJ,2099,20219,2099_20219
conf/vldb/JiangWL03,s3bawcAka-EJ,2100,30360,2100_30360
conf/vldb/HeMYW03,cBe5X4EKjIEJ,2101,16503,2101_16503
conf/vldb/LernerS03,KtkbM7ohXrEJ,2102,4637,2102_4637
conf/vldb/TianD03,l7glyH7ltuQJ,2103,712,2103_712
conf/vldb/HuebschHLLSS03,7y9SomIIAG0J,2104,50195,2104_50195
conf/vldb/VelegrakisMP03,gP3ld61I__kJ,2105,14198,2105_14198
conf/vldb/LuoNEW03,8n1UIzMm4VMJ,2106,7249,2106_7249
conf/vldb/PapadimitriouBF03,pAvCmcv_-lMJ,2107,51305,2107_51305
conf/vldb/MadhavanH03,ujCYoqKS6BcJ,2108,55359,2108_55359
conf/vldb/GaoS03,BEpwgIQR6r4J,2109,15406,2109_15406
conf/vldb/LeeHJT03,BSE2se70OMYJ,2111,27262,2111_27262
conf/vldb/QianZXP03,Chp-3UwMgTQJ,2112,27520,2112_27520
conf/vldb/GolabO03,6K9FhI2pFEgJ,2114,30407,2114_30407
conf/vldb/CormodeKMS03,0ZQnv8tOzBwJ,2115,633,2115_633
conf/vldb/XinHLW03,v0rD-1nzJmYJ,2116,26785,2116_26785
conf/vldb/LubbersGJ03,T3nGiiT3tbsJ,2118,63232,2118_63232
conf/vldb/IwerksSS03,4B_LhCns0WoJ,2119,20368,2119_20368
conf/vldb/GrustKT03,25xRkmL_4BsJ,2120,36210,2120_36210
conf/vldb/DaynesC02,Ug0Yk0QhILMJ,2122,16700,2122_16700
conf/vldb/KarayannidisTSPMRFEB02,9KiPVAodKnYJ,2123,12873,2123_12873
conf/vldb/KangC02,gndV1O-oEkMJ,2124,15358,2124_15358
conf/vldb/HristidisP02,rZJLf9oQ_hEJ,2126,19062,2126_19062
conf/vldb/RizviH02,3ku_XOqYuawJ,2127,55093,2127_55093
conf/vldb/SenkulKT02,g7HDbO4GCN4J,2128,3138,2128_3138
conf/vldb/PalpanasSCP02,nlh2WXZT3VIJ,2129,63484,2129_63484
conf/vldb/KornMS02,mClzTQppJE4J,2130,60603,2130_60603
conf/vldb/ChanFFGR02,ZFI7XBuonJAJ,2131,6647,2131_6647
conf/vldb/RohmBSS02,YMcmy4FOXi8J,2133,27497,2133_27497
conf/vldb/LakshmananPH02,_hNiD_QLDdAJ,2135,47744,2135_47744
conf/vldb/GotoK02,2Pc6rKYB8ykJ,2139,42136,2139_42136
conf/vldb/Selinger02,76u3c8hIWqoJ,2140,31199,2140_31199
conf/vldb/Fox02,eybUiurX77sJ,2141,23942,2141_23942
conf/vldb/SeifertS02,1VEHUogTMZMJ,2142,11493,2142_11493
conf/vldb/SayalCDS02,0acvmJtaI8QJ,2143,28423,2143_28423
conf/vldb/LohmanL02,jC-TppzLPuEJ,2144,32673,2144_32673
conf/vldb/SchmidtWKCMB02,CvGGYMrKR2sJ,2145,2410,2145_2410
conf/vldb/DagevilleZ02,x9bmOZxOlE8J,2146,61595,2146_61595
conf/vldb/KiesslingK02,OuVZjeR64pMJ,2147,23897,2147_23897
conf/vldb/PanRAMOHAMV02,F9Fe5NfpK6MJ,2148,10172,2148_10172
conf/vldb/IlyasAE02,nQsk3GveFP0J,2151,63118,2151_63118
conf/vldb/Mohan02a,ulDehVmIgfAJ,2152,46301,2152_46301
conf/vldb/KeidlSSK02,dTval1yE6p8J,2153,53311,2153_53311
conf/vldb/ShengBDM02,6GxdJ4jZUokJ,2154,52665,2154_52665
conf/vldb/AggarwalY02,W9wJnFy0TDAJ,2155,42492,2155_42492
conf/vldb/ShegalovWBL02,CzVyfZe-kj0J,2156,31420,2156_31420
conf/vldb/Sripada02,UXm0EWCXxpIJ,2160,41281,2160_41281
conf/vldb/AdityaBCHNS02,2vzhAz4Yll4J,2162,30930,2162_30930
conf/vldb/CiliaHB02,_aEC8CgKod0J,2163,31082,2163_31082
conf/vldb/SantiniG02,J3cfnmFB4lsJ,2164,33965,2164_33965
conf/vldb/LamKR02,GdvZvvRTXIAJ,2165,42122,2165_42122
conf/vldb/HeymannTKWRMF02,EAZ5Gz22bIUJ,2166,45783,2166_45783
conf/vldb/AgrawalSX02,a1CLM5GoVtYJ,2167,25403,2167_25403
conf/vldb/HsuLOMTX02,Px35BrWc6_EJ,2168,24763,2168_24763
conf/vldb/Mohan01,tAO-l_SkmSwJ,2169,15841,2169_15841
conf/vldb/GarofalakisG01,SHDQQrfJ3BMJ,2170,45283,2170_45283
conf/vldb/SarawagiBKM02,G9DGYRD0cnMJ,2172,25321,2172_25321
conf/vldb/BohannonFHRRS02,zYfyg0fCzEsJ,2175,14975,2175_14975
conf/vldb/AbiteboulBMMW02,mm3mXWb8QS0J,2176,49618,2176_49618
conf/vldb/RaghavanG01,LcX8Pm2ABJsJ,2177,57213,2177_57213
conf/vldb/StanoiRAA01,SBpUQ0L7KUgJ,2178,28057,2178_28057
conf/vldb/AmirKN01,dEwdHTZZYWYJ,2179,20626,2179_20626
conf/vldb/MadhavanBR01,wRHapJxb_-QJ,2181,37059,2181_37059
conf/vldb/Wadler01,url:http://portal.acm.org/citation.cfm%3Fid%3D645927.672033,2182,23665,2182_23665
conf/vldb/DayalHL01,0XYRlW9tvw8J,2183,59947,2183_59947
conf/vldb/CherniackFZ01,49EWG8vzsXUJ,2184,35561,2184_35561
conf/vldb/AshwinGG02,YiJojduGXXkJ,2201,46854,2201_46854
conf/vldb/CosleyLP02,BTalXWt3faUJ,2202,38342,2202_38342
conf/vldb/ParkMC02,WFmae47kgN4J,2206,54969,2206_54969
conf/vldb/BouganimP02,PhERWOcOkOgJ,2207,38024,2207_38024
conf/vldb/BohannonGKNS02,9BuBq-Tj0TUJ,2208,40332,2208_40332
conf/vldb/AgrawalK02,4weou-KgkM8J,2209,28169,2209_28169
conf/vldb/AgrawalKSX02,XK-KPRa2qjcJ,2210,45766,2210_45766
conf/vldb/GhoshPSH02,2dlOojuSNeIJ,2211,14437,2211_14437
conf/vldb/HulgeriS02,xGcM9AuhrBMJ,2212,53503,2212_53503
conf/vldb/ChandrasekaranF02,nqosSM46lCkJ,2213,18891,2213_18891
conf/vldb/LudascherMP02,cxnuI54po5EJ,2215,1553,2215_1553
conf/vldb/CarneyCCCLSSTZ02,1J26mBTxdS0J,2216,41966,2216_41966
conf/vldb/KossmannRR02,iGlztgiSTe4J,2218,36854,2218_36854
conf/vldb/KaushikBNS02,dL5oJVHK10kJ,2219,14344,2219_14344
conf/vldb/ChienVZTZ02,SgUc7R0GR6QJ,2220,21988,2220_21988
conf/vldb/ChienVZTZ02,uUmeAkW_FFUJ,2220,8446,2220_8446
conf/vldb/Kiessling02,uS43GVHJ3jQJ,2221,50430,2221_50430
conf/vldb/ChenHWW02,kgXRJZKRxZQJ,2222,60904,2222_60904
conf/vldb/TaoPS02,o0WQjRyBQ5kJ,2223,45860,2223_45860
conf/vldb/DittrichSTW02,egCgEjikCgAJ,2224,55564,2224_55564
conf/vldb/LifantsevC02,gPvyDDUyrg4J,2226,48853,2226_48853
conf/vldb/MankuM02,WS4ljty1ff8J,2227,10835,2227_10835
conf/vldb/ZhuS02,iuyRrJJDBcIJ,2228,29990,2228_29990
conf/vldb/TaoP02,7ZyV9ivZySQJ,2229,62450,2229_62450
conf/vldb/LimWPVP02,9kl_hTyQtmQJ,2230,8237,2230_8237
conf/vldb/IpeirotisG02,3CSFFlEVviMJ,2231,44639,2231_44639
conf/vldb/ChoALS02,_-JZT1cOuZ8J,2233,44371,2233_44371
conf/vldb/PolyzotisG02,krAZ7iDMEOQJ,2235,42687,2235_42687
conf/vldb/GilbertKMS02,kxGdQhvpi_sJ,2236,15435,2236_15435
conf/vldb/Uhl02,n5SsAbtjBpAJ,2237,21734,2237_21734
conf/vldb/ChoN02,4tTQJrG4pn8J,2239,58901,2239_58901
conf/vldb/BettiniJWW02,ghIMekzCkMQJ,2240,54782,2240_54782
conf/vldb/AnanthakrishnaCG02,FFKP2GRm2LEJ,2241,23025,2241_23025
conf/vldb/KounevB02,mq4cLaNqTDQJ,2242,27612,2242_27612
conf/vldb/BrightR02,lovlkpxUzUsJ,2244,18662,2244_18662
conf/vldb/HammelP02,SU2XS1MVb40J,2245,6007,2245_6007
conf/vldb/StolteA02,N3Bry6sSMw8J,2246,63384,2246_63384
conf/vldb/DoR02,0oPfKUylwgEJ,2247,51334,2247_51334
conf/vldb/PopaVMHF02,qJ4lzBFzjdgJ,2248,34044,2248_34044
journals/tods/Jagadish95,gDFpwto83b4J,2251,28751,2251_28751
journals/tods/BaekgaardM95,6UycFCZooDoJ,2254,24966,2254_24966
journals/tods/GraefeC95,Bn8s7u5T9SAJ,2256,33848,2256_33848
journals/tods/SrivastavaSRN95,zm3D83ZiU4UJ,2257,32689,2257_32689
journals/tods/IoannidisR95,TJDMWbCXMtgJ,2259,58290,2259_58290
journals/tods/ShashaLSV95,0aVKzjogLlAJ,2260,61478,2260_61478
journals/tods/MumickFPR96,url:http://portal.acm.org/ft_gateway.cfm%3Fid%3D227624%26type%3Dpdf%26dl%3DGUIDE%26dl%3DACM%26CFID%3D11111111%26CFTOKEN%3D2222222,2262,47603,2262_47603
journals/tods/FraternaliT95,8k0tS22xvPcJ,2264,10597,2264_10597
journals/tods/Kuo96,p--jtVlva8AJ,2274,10724,2274_10724
journals/tods/Galindo-LegariaR97,g4p3K22hY_oJ,2277,29520,2277_29520
journals/vldb/ChanGR03,7rn7AHVs1YUJ,2282,28817,2282_28817
journals/vldb/AbadiCCCCLSTZ03,gBVNSFeS4P8J,2283,23066,2283_23066
journals/vldb/YangW03,7WaQNGnv1l4J,2285,30780,2285_30780
journals/vldb/RamamurthyDS03,uem5wXLoU0wJ,2286,5077,2286_5077
journals/vldb/HelmerM03,fz4PKDuWGmoJ,2287,585,2287_585
journals/vldb/FungKL03,rFEOA75JjSIJ,2289,43497,2289_43497
journals/vldb/Li03,HlXyqUIDobMJ,2290,49768,2290_49768
journals/vldb/HalkidiNVV03,J0hrpRuvSgMJ,2291,44547,2291_44547
journals/vldb/FiletoLPAM03,VWbm4EeeFNMJ,2292,488,2292_488
journals/vldb/MaedcheMS03,qKJ1c8D-95wJ,2293,51730,2293_51730
journals/vldb/DoanMDDH03,HmE1BtE68dYJ,2294,57379,2294_57379
journals/vldb/MedjahedBE03,YqXx_xeZE2gJ,2295,24714,2295_24714
journals/tods/OliverS94,RUyqFOxZyDoJ,2301,28426,2301_28426
journals/tods/WinslettSQ94,lvZTVlP7s7oJ,2311,53790,2311_53790
journals/tods/WinslettSQ94,url:http://portal.acm.org/ft_gateway.cfm%3Fid%3D195675%26type%3Dpdf%26dl%3DGUIDE%26dl%3DACM%26CFID%3D11111111%26CFTOKEN%3D2222222,2311,25197,2311_25197
journals/tods/KrishnakumarB94,8ZjEDOBUd_QJ,2312,30091,2312_30091
journals/tods/ParsonsW00,Z5rWzHBxtEEJ,2314,24776,2314_24776
journals/tods/KossmannS00,PnGVbzQCWY0J,2316,36612,2316_36612
journals/tods/Lerner00,ETqxTcvf7K4J,2317,49548,2317_49548
journals/tods/MuralidharS99,dKvepAPYBmcJ,2320,39059,2320_39059
journals/tods/BohlenJS00,6eheB6Kct4MJ,2323,63334,2323_63334
journals/tods/FegarasM00,eCQjRu0EiagJ,2324,58988,2324_58988
journals/tods/KemmeA00,wiUPadLpCvoJ,2326,40367,2326_40367
journals/tods/Meo00,NQShGztSLaoJ,2327,35832,2327_35832
journals/tods/BaralisW00,4RrNbX-RjpsJ,2328,18299,2328_18299
journals/tods/LiC01,_gwfttQaTEkJ,2329,56142,2329_56142
journals/tods/EiterLLS01,lTwQVB8E7SIJ,2330,31010,2330_31010
journals/tods/ChomickiTB01,MqgSlx1jbPsJ,2334,63260,2334_63260
journals/tods/JajodiaSSS01,oH5XZWjwC6AJ,2336,21475,2336_21475
journals/tods/BrunoCG02,tkCWrg5OsIwJ,2338,56030,2338_56030
journals/tods/MamoulisP01,Rg8V7NSK9tMJ,2341,2114,2341_2114
journals/tods/LakshmananSS01,FqrVkPwzd3kJ,2344,63838,2344_63838
journals/tods/EiterGM97,WXWcO2ulDQUJ,2346,56437,2346_56437
journals/tods/AmmannJR97,2e-NAgqt-joJ,2349,25898,2349_25898
journals/tods/LakshmananLRS97,UByN6paxEXwJ,2351,48674,2351_48674
journals/tods/WangBBJ97,NYQMkdaH2egJ,2352,38585,2352_38585
journals/tods/FormicaGM98,PtcmzsfKYrsJ,2355,8800,2355_8800
journals/tods/StoreyCDGS97,NL_8pNIYC-0J,2358,44698,2358_44698
journals/tods/Wijsen99,_D3JPE9NgNgJ,2363,51746,2363_51746
journals/tods/DattaVCK99,L_EKDuVUoIEJ,2364,44316,2364_44316
journals/tods/CastanoAFP98,X7wtR1g63qEJ,2365,46350,2365_46350
journals/vldb/BohmAnY97,PALTnITURBcJ,2416,48134,2416_48134
journals/vldb/AilamakiDH02,J9MeFW0vDJAJ,2441,55962,2441_55962
journals/vldb/HuntAI02,LiYp5oaDwbMJ,2442,50749,2442_50749
journals/vldb/AguileraCMVV02,SdVmepmUgQIJ,2443,63193,2443_63193
journals/vldb/FengYLH02,Uxh3R2hfBOAJ,2445,37265,2445_37265
journals/vldb/NanopoulosM02,icoWjIZ_6IIJ,2446,41450,2446_41450
journals/vldb/HjaltasonS02,FH41DtWf_jAJ,2447,18491,2447_18491
journals/vldb/SakuraiYUK02,7J-RvgQd8SMJ,2448,21292,2448_21292
journals/vldb/FerrariAABC02,74D4YiDcxfcJ,2449,5600,2449_5600
journals/vldb/RafieiM02,kZFfJieudW4J,2450,30010,2450_30010
journals/vldb/Navarro02,UDQsHc_ps4IJ,2451,58381,2451_58381
journals/vldb/MaratheS02,z6JEYoArZmsJ,2453,37283,2453_37283
journals/vldb/MihailaRT02,my7mYCzEEJAJ,2454,52390,2454_52390
journals/vldb/Halevy01,NoN45RU6c9kJ,2456,64060,2456_64060
journals/vldb/ChandrasekaranF03,b9r9U3OwrkcJ,2457,27442,2457_27442
journals/vldb/AgrawalHK03,NDKJPUgy_K4J,2458,16347,2458_16347
journals/vldb/ShethTP03,tReKvTMB7pcJ,2459,46642,2459_46642
journals/vldb/VerykiosME03,khdP4spNnPoJ,2460,9382,2460_9382
journals/vldb/MedjahedBBNE03,vtVf3hshlVIJ,2461,16913,2461_16913
journals/vldb/Ozsu03,url:http://www.springerlink.com/index/3G9E0YCGLRQFPN89.pdf,2462,2985,2462_2985
journals/vldb/CuiW03,SaOd6rDz5ZgJ,2463,26076,2463_26076
journals/vldb/ChienTZ02,j4wcclZqY0oJ,2464,32683,2464_32683
journals/vldb/ChanFGR02,ORkxHLb7dvcJ,2465,37094,2465_37094
journals/vldb/IvesHW02,Bbm74R5b5yoJ,2466,50803,2466_50803
journals/vldb/JagadishACLNPPSWWY02,zaDlTkyGASQJ,2468,52026,2468_52026
journals/vldb/FiebigHKMNSW02,w_FOwUavk0kJ,2469,46427,2469_46427
journals/vldb/Amer-YahiaCLS02,SdqZz-Rnmk4J,2470,35135,2470_35135
journals/vldb/AnGSVKI02,kBzZ1GUoa1AJ,2471,63408,2471_63408
journals/vldb/ChirkovaHS02,NdmocXlpq9QJ,2472,46686,2472_46686
journals/vldb/LeeSC01,Hz_TU6kUj08J,2473,53560,2473_53560
journals/vldb/NguSHL01,djYvVVRYNTwJ,2474,38989,2474_38989
journals/vldb/ShegalovGW01,_6ErNQyZwXsJ,2475,19576,2475_19576
journals/vldb/BraumandlKKKKSS01,dURGvGhlWbsJ,2476,7504,2476_7504
journals/vldb/WangW01,4eHVZHcQvdMJ,2478,51580,2478_51580
journals/vldb/LiCHH01,Tw8-f4saqb0J,2479,59776,2479_59776
journals/vldb/ManegoldBK00,xWYu2JWiF_kJ,2481,41372,2481_41372
journals/vldb/JagadishKNS00,GtXc02EJjCgJ,2482,53216,2482_53216
journals/vldb/TanGO00,url:http://www.springerlink.com/index/4N8LT3XHXGCR8DLW.pdf,2487,54047,2487_54047
journals/vldb/RamanRH00,CgiCp6N9XZQJ,2488,42348,2488_42348
journals/vldb/LaurentLSV01,TTIgIh9uC_YJ,2489,14436,2489_14436
journals/vldb/ShanmugasundaramSBCLPR01,HKM-zP0LT_UJ,2490,53020,2490_53020
journals/vldb/RahmB01,OmmFvfvPT6MJ,2491,11113,2491_11113
journals/vldb/PucheralBVB01,hNOti13KB_8J,2494,24883,2494_24883
journals/vldb/ChangG01,hYu2nw263UoJ,2495,34772,2495_34772
journals/vldb/ChakrabartiGRS01,PTmCbogNUpAJ,2496,55557,2496_55557
journals/vldb/MecellaP01,_JwGwZUTAOEJ,2497,49283,2497_49283
journals/vldb/BonifatiCP01,FLTKBG-bw7sJ,2498,10430,2498_10430
journals/vldb/PottingerH01,Kv3ZFRUKCogJ,2499,3217,2499_3217
journals/vldb/Sarawagi01,Xx6kw0tCeQIJ,2500,63000,2500_63000
journals/vldb/EyalM01,ntrSSBumclMJ,2502,12688,2502_12688
journals/vldb/SuHHHLWLPLL01,xcRKDHBIUb8J,2503,31566,2503_31566
journals/vldb/DattaDVRN01,icK75z3VuGIJ,2504,45717,2504_45717
conf/vldb/Toivonen96,ut53pjEsmxEJ,2569,25339,2569_25339
conf/vldb/SarawagiS96,GzBmx-QUxFYJ,2572,49815,2572_49815
conf/vldb/BerckenS96, ,2573,33659,2573_33659
journals/sigmod/WenLMZ03,5KdceadGf8cJ,2576,33063,2576_33063
conf/vldb/Suciu96,D45fvUWVon0J,2578,61563,2578_61563
journals/sigmod/CampbellEM03,N9u28V6NZTIJ,2579,55584,2579_55584
conf/vldb/LevyRO96,e_vUPQi8-xIJ,2582,9781,2582_9781
conf/vldb/Kleewein96,rXaCSxty6AAJ,2585,35577,2585_35577
journals/sigmod/MeltonE02,6uelfg3RgEoJ,2587,23642,2587_23642
conf/vldb/Gawlick96,Y5OJk6_D-ZUJ,2590,55233,2590_55233
journals/sigmod/Snodgrass02b,KENWBobILMwJ,2591,6646,2591_6646
conf/vldb/Mattos96,EpBlTCJ0_dUJ,2592,39600,2592_39600
journals/sigmod/GroskySF02,HA3wM_i-y3YJ,2593,45662,2593_45662
conf/vldb/Atal96,PaW8zjiNR9cJ,2594,12876,2594_12876
journals/sigmod/AbererCH02,ulDBbXl-6Q4J,2595,17218,2595_17218
conf/vldb/Dasgupta96,A0c2Gd1lP5QJ,2596,46831,2596_46831
conf/vldb/Hammond96,LDxiVdRU6EEJ,2597,17573,2597_17573
journals/sigmod/Aberer02c,url:http://portal.acm.org/ft_gateway.cfm%3Fid%3D604274%26type%3Dpdf%26dl%3DGUIDE%26dl%3DACM%26CFID%3D11111111%26CFTOKEN%3D2222222,2599,6685,2599_6685
conf/vldb/BertinoBFS96,s0v9B-K8owEJ,2601,4290,2601_4290
journals/sigmod/SpynsMJ02,jD6nDNmhP3AJ,2602,24150,2602_24150
conf/vldb/AgarwalADGNRS96,E4fU9kpfXQsJ,2605,5384,2605_5384
journals/sigmod/MaximilienS02,hgjhR8PwNVwJ,2606,49532,2606_49532
conf/vldb/Cuppens96,8_HtXom0CVgJ,2607,12369,2607_12369
journals/sigmod/BusslerFM02,RaOQG4YyzM4J,2608,35093,2608_35093
conf/vldb/Dyreson96,AfM_N94rVD0J,2610,8749,2610_8749
conf/vldb/ShuklaDNR96,vnezjPI8jYIJ,2612,59086,2612_59086
conf/vldb/RamakrishnanR96,3y1e-H-FdC0J,2614,29923,2614_29923
conf/vldb/ShaferAM96,5HHRNLsy0sAJ,2615,11706,2615_11706
